
♻️  CONTINUOUS STATS TRANSFORMER - RUNNING UNTIL STOPPED

━━━━━━━━━━━━━━━━━━━━━━━━━━━━━━━━━━━━━━━━━━━━━━━━━━━━━━━━━━━━
Press Ctrl+C to stop at any time


🔄 CYCLE 1 STARTING...

📝 Updating 100 empty logs...
🔍 Checking 16 potential new logs...

────────────────────────────────────────
✅ Cycle 1 Complete:
   Updated: 0, Created: 0
   Session totals - Updated: 0, Created: 0

📊 Coverage: 39.6% (147,464/372,384 usable)
💤 Waiting 30s before next cycle...


🔄 CYCLE 2 STARTING...

📝 Updating 100 empty logs...
🔍 Checking 16 potential new logs...

────────────────────────────────────────
✅ Cycle 2 Complete:
   Updated: 44, Created: 0
   Session totals - Updated: 44, Created: 0

📊 Coverage: 55.6% (207,046/372,384 usable)
💤 Waiting 30s before next cycle...


🔄 CYCLE 3 STARTING...

📝 Updating 100 empty logs...
🔍 Checking 16 potential new logs...

────────────────────────────────────────
✅ Cycle 3 Complete:
   Updated: 5, Created: 0
   Session totals - Updated: 49, Created: 0

📊 Coverage: 63.4% (236,091/372,384 usable)
💤 Waiting 30s before next cycle...


🔄 CYCLE 4 STARTING...

📝 Updating 100 empty logs...
🔍 Checking 16 potential new logs...

────────────────────────────────────────
✅ Cycle 4 Complete:
   Updated: 33, Created: 0
   Session totals - Updated: 82, Created: 0

📊 Coverage: 64.9% (241,677/372,384 usable)
💤 Waiting 30s before next cycle...


🔄 CYCLE 5 STARTING...

📝 Updating 100 empty logs...
🔍 Checking 16 potential new logs...

────────────────────────────────────────
✅ Cycle 5 Complete:
   Updated: 54, Created: 0
   Session totals - Updated: 136, Created: 0

📊 Coverage: 43.7% (162,732/372,384 usable)
💤 Waiting 30s before next cycle...


🔄 CYCLE 6 STARTING...

📝 Updating 100 empty logs...
🔍 Checking 16 potential new logs...

────────────────────────────────────────
✅ Cycle 6 Complete:
   Updated: 40, Created: 0
   Session totals - Updated: 176, Created: 0

📊 Coverage: 54.0% (201,087/372,384 usable)
💤 Waiting 30s before next cycle...


🔄 CYCLE 7 STARTING...

📝 Updating 100 empty logs...
🔍 Checking 16 potential new logs...

────────────────────────────────────────
✅ Cycle 7 Complete:
   Updated: 14, Created: 0
   Session totals - Updated: 190, Created: 0

📊 Coverage: 46.9% (174,648/372,384 usable)
💤 Waiting 30s before next cycle...


🔄 CYCLE 8 STARTING...

📝 Updating 100 empty logs...
🔍 Checking 16 potential new logs...

────────────────────────────────────────
✅ Cycle 8 Complete:
   Updated: 29, Created: 0
   Session totals - Updated: 219, Created: 0

📊 Coverage: 60.9% (226,782/372,384 usable)
💤 Waiting 30s before next cycle...


🔄 CYCLE 9 STARTING...

📝 Updating 100 empty logs...
🔍 Checking 16 potential new logs...

────────────────────────────────────────
✅ Cycle 9 Complete:
   Updated: 0, Created: 0
   Session totals - Updated: 219, Created: 0

📊 Coverage: 59.5% (221,568/372,384 usable)
💤 Waiting 30s before next cycle...


🔄 CYCLE 10 STARTING...

📝 Updating 100 empty logs...
🔍 Checking 16 potential new logs...

────────────────────────────────────────
✅ Cycle 10 Complete:
   Updated: 0, Created: 0
   Session totals - Updated: 219, Created: 0

📊 Coverage: 8.3% (30,908/372,384 usable)
💤 Waiting 30s before next cycle...


🔄 CYCLE 11 STARTING...

📝 Updating 100 empty logs...
🔍 Checking 16 potential new logs...

────────────────────────────────────────
✅ Cycle 11 Complete:
   Updated: 0, Created: 0
   Session totals - Updated: 219, Created: 0

📊 Coverage: 7.8% (29,046/372,384 usable)
💤 Waiting 30s before next cycle...


🔄 CYCLE 12 STARTING...

📝 Updating 100 empty logs...
🔍 Checking 16 potential new logs...

────────────────────────────────────────
✅ Cycle 12 Complete:
   Updated: 0, Created: 0
   Session totals - Updated: 219, Created: 0

📊 Coverage: 7.3% (27,184/372,384 usable)
💤 Waiting 30s before next cycle...


🔄 CYCLE 13 STARTING...

📝 Updating 100 empty logs...
🔍 Checking 16 potential new logs...

────────────────────────────────────────
✅ Cycle 13 Complete:
   Updated: 0, Created: 0
   Session totals - Updated: 219, Created: 0

📊 Coverage: 8.7% (32,397/372,384 usable)
💤 Waiting 30s before next cycle...


🔄 CYCLE 14 STARTING...

📝 Updating 100 empty logs...
🔍 Checking 16 potential new logs...

────────────────────────────────────────
✅ Cycle 14 Complete:
   Updated: 0, Created: 0
   Session totals - Updated: 219, Created: 0

📊 Coverage: 9.6% (35,749/372,384 usable)
💤 Waiting 30s before next cycle...


🔄 CYCLE 15 STARTING...

📝 Updating 100 empty logs...
🔍 Checking 16 potential new logs...

────────────────────────────────────────
✅ Cycle 15 Complete:
   Updated: 0, Created: 0
   Session totals - Updated: 219, Created: 0

📊 Coverage: 9.8% (36,494/372,384 usable)
💤 Waiting 30s before next cycle...


🔄 CYCLE 16 STARTING...

📝 Updating 100 empty logs...
🔍 Checking 16 potential new logs...

────────────────────────────────────────
✅ Cycle 16 Complete:
   Updated: 0, Created: 0
   Session totals - Updated: 219, Created: 0

📊 Coverage: 10.2% (37,983/372,384 usable)
💤 Waiting 30s before next cycle...


🔄 CYCLE 17 STARTING...

📝 Updating 100 empty logs...
🔍 Checking 16 potential new logs...

────────────────────────────────────────
✅ Cycle 17 Complete:
   Updated: 0, Created: 0
   Session totals - Updated: 219, Created: 0

📊 Coverage: 11.8% (43,941/372,384 usable)
💤 Waiting 30s before next cycle...


🔄 CYCLE 18 STARTING...

📝 Updating 100 empty logs...
🔍 Checking 16 potential new logs...

────────────────────────────────────────
✅ Cycle 18 Complete:
   Updated: 0, Created: 0
   Session totals - Updated: 219, Created: 0

📊 Coverage: 12.1% (45,058/372,384 usable)
💤 Waiting 30s before next cycle...


🔄 CYCLE 19 STARTING...

📝 Updating 100 empty logs...
🔍 Checking 16 potential new logs...

────────────────────────────────────────
✅ Cycle 19 Complete:
   Updated: 0, Created: 0
   Session totals - Updated: 219, Created: 0

📊 Coverage: 11.2% (41,707/372,384 usable)
💤 Waiting 30s before next cycle...


🔄 CYCLE 20 STARTING...

📝 Updating 100 empty logs...
🔍 Checking 16 potential new logs...

────────────────────────────────────────
✅ Cycle 20 Complete:
   Updated: 0, Created: 0
   Session totals - Updated: 219, Created: 0

📊 Coverage: 12.4% (46,176/372,384 usable)
💤 Waiting 30s before next cycle...


🔄 CYCLE 21 STARTING...

📝 Updating 100 empty logs...
🔍 Checking 16 potential new logs...

────────────────────────────────────────
✅ Cycle 21 Complete:
   Updated: 0, Created: 0
   Session totals - Updated: 219, Created: 0

📊 Coverage: 12.1% (45,058/372,384 usable)
💤 Waiting 30s before next cycle...


🔄 CYCLE 22 STARTING...

📝 Updating 100 empty logs...
🔍 Checking 16 potential new logs...

────────────────────────────────────────
✅ Cycle 22 Complete:
   Updated: 0, Created: 0
   Session totals - Updated: 219, Created: 0

📊 Coverage: 12.1% (45,058/372,384 usable)
💤 Waiting 30s before next cycle...


🔄 CYCLE 23 STARTING...

📝 Updating 100 empty logs...
🔍 Checking 16 potential new logs...

────────────────────────────────────────
✅ Cycle 23 Complete:
   Updated: 0, Created: 0
   Session totals - Updated: 219, Created: 0

📊 Coverage: 11.5% (42,824/372,384 usable)
💤 Waiting 30s before next cycle...


🔄 CYCLE 24 STARTING...

📝 Updating 100 empty logs...
🔍 Checking 16 potential new logs...

────────────────────────────────────────
✅ Cycle 24 Complete:
   Updated: 0, Created: 0
   Session totals - Updated: 219, Created: 0

📊 Coverage: 12.4% (46,176/372,384 usable)
💤 Waiting 30s before next cycle...


🔄 CYCLE 25 STARTING...

📝 Updating 100 empty logs...
🔍 Checking 100 potential new logs...

────────────────────────────────────────
✅ Cycle 25 Complete:
   Updated: 0, Created: 0
   Session totals - Updated: 219, Created: 0

📊 Coverage: 36.6% (136,293/372,384 usable)
💤 Waiting 30s before next cycle...


🔄 CYCLE 26 STARTING...

📝 Updating 100 empty logs...
🔍 Checking 100 potential new logs...

────────────────────────────────────────
✅ Cycle 26 Complete:
   Updated: 0, Created: 42
   Session totals - Updated: 219, Created: 42

📊 Coverage: 88.7% (330,342/372,426 usable)
💤 Waiting 30s before next cycle...


🔄 CYCLE 27 STARTING...

📝 Updating 100 empty logs...
🔍 Checking 100 potential new logs...

────────────────────────────────────────
✅ Cycle 27 Complete:
   Updated: 0, Created: 0
   Session totals - Updated: 219, Created: 42

📊 Coverage: 75.8% (282,299/372,426 usable)
💤 Waiting 30s before next cycle...


🔄 CYCLE 28 STARTING...

📝 Updating 100 empty logs...
🔍 Checking 100 potential new logs...

────────────────────────────────────────
✅ Cycle 28 Complete:
   Updated: 0, Created: 74
   Session totals - Updated: 219, Created: 116

📊 Coverage: 21.8% (81,205/372,500 usable)
💤 Waiting 30s before next cycle...


🔄 CYCLE 29 STARTING...

📝 Updating 100 empty logs...
🔍 Checking 100 potential new logs...

────────────────────────────────────────
✅ Cycle 29 Complete:
   Updated: 21, Created: 0
   Session totals - Updated: 240, Created: 116

📊 Coverage: 12.5% (46,563/372,500 usable)
💤 Waiting 30s before next cycle...


🔄 CYCLE 30 STARTING...

📝 Updating 100 empty logs...
🔍 Checking 53 potential new logs...

────────────────────────────────────────
✅ Cycle 30 Complete:
   Updated: 24, Created: 53
   Session totals - Updated: 264, Created: 169

📊 Coverage: 38.7% (144,178/372,553 usable)
💤 Waiting 30s before next cycle...


🔄 CYCLE 31 STARTING...

📝 Updating 100 empty logs...
🔍 Checking 52 potential new logs...

────────────────────────────────────────
✅ Cycle 31 Complete:
   Updated: 10, Created: 35
   Session totals - Updated: 274, Created: 204

📊 Coverage: 82.4% (307,013/372,588 usable)
💤 Waiting 30s before next cycle...


🔄 CYCLE 32 STARTING...

📝 Updating 100 empty logs...
🔍 Checking 52 potential new logs...

────────────────────────────────────────
✅ Cycle 32 Complete:
   Updated: 4, Created: 0
   Session totals - Updated: 278, Created: 204

📊 Coverage: 71.2% (265,283/372,588 usable)
💤 Waiting 30s before next cycle...


🔄 CYCLE 33 STARTING...

📝 Updating 100 empty logs...
🔍 Checking 52 potential new logs...

────────────────────────────────────────
✅ Cycle 33 Complete:
   Updated: 0, Created: 0
   Session totals - Updated: 278, Created: 204

📊 Coverage: 39.6% (147,545/372,588 usable)
💤 Waiting 30s before next cycle...


🔄 CYCLE 34 STARTING...

📝 Updating 100 empty logs...
🔍 Checking 52 potential new logs...

────────────────────────────────────────
✅ Cycle 34 Complete:
   Updated: 25, Created: 0
   Session totals - Updated: 303, Created: 204

📊 Coverage: 55.5% (206,786/372,588 usable)
💤 Waiting 30s before next cycle...


🔄 CYCLE 35 STARTING...

📝 Updating 100 empty logs...
🔍 Checking 52 potential new logs...

────────────────────────────────────────
✅ Cycle 35 Complete:
   Updated: 8, Created: 0
   Session totals - Updated: 311, Created: 204

📊 Coverage: 59.3% (220,945/372,588 usable)
💤 Waiting 30s before next cycle...


🔄 CYCLE 36 STARTING...

📝 Updating 100 empty logs...
🔍 Checking 52 potential new logs...

────────────────────────────────────────
✅ Cycle 36 Complete:
   Updated: 1, Created: 0
   Session totals - Updated: 312, Created: 204

📊 Coverage: 59.1% (220,200/372,588 usable)
💤 Waiting 30s before next cycle...


🔄 CYCLE 37 STARTING...

📝 Updating 100 empty logs...
🔍 Checking 21 potential new logs...

────────────────────────────────────────
✅ Cycle 37 Complete:
   Updated: 6, Created: 14
   Session totals - Updated: 318, Created: 218

📊 Coverage: 49.1% (182,948/372,602 usable)
💤 Waiting 30s before next cycle...


🔄 CYCLE 38 STARTING...

📝 Updating 100 empty logs...
🔍 Checking 42 potential new logs...

────────────────────────────────────────
✅ Cycle 38 Complete:
   Updated: 17, Created: 0
   Session totals - Updated: 335, Created: 218

📊 Coverage: 46.1% (171,770/372,602 usable)
💤 Waiting 30s before next cycle...


🔄 CYCLE 39 STARTING...

📝 Updating 100 empty logs...
🔍 Checking 42 potential new logs...

────────────────────────────────────────
✅ Cycle 39 Complete:
   Updated: 4, Created: 0
   Session totals - Updated: 339, Created: 218

📊 Coverage: 35.4% (131,901/372,602 usable)
💤 Waiting 30s before next cycle...


🔄 CYCLE 40 STARTING...

📝 Updating 100 empty logs...
🔍 Checking 42 potential new logs...

────────────────────────────────────────
✅ Cycle 40 Complete:
   Updated: 9, Created: 0
   Session totals - Updated: 348, Created: 218

📊 Coverage: 73.5% (273,862/372,602 usable)
💤 Waiting 30s before next cycle...


🔄 CYCLE 41 STARTING...

📝 Updating 100 empty logs...
🔍 Checking 100 potential new logs...

────────────────────────────────────────
✅ Cycle 41 Complete:
   Updated: 0, Created: 0
   Session totals - Updated: 348, Created: 218

📊 Coverage: 80.4% (299,572/372,602 usable)
💤 Waiting 30s before next cycle...


🔄 CYCLE 42 STARTING...

📝 Updating 100 empty logs...
🔍 Checking 100 potential new logs...

────────────────────────────────────────
✅ Cycle 42 Complete:
   Updated: 0, Created: 0
   Session totals - Updated: 348, Created: 218

📊 Coverage: 8.3% (30,926/372,602 usable)
💤 Waiting 30s before next cycle...


🔄 CYCLE 43 STARTING...

📝 Updating 100 empty logs...
🔍 Checking 22 potential new logs...

────────────────────────────────────────
✅ Cycle 43 Complete:
   Updated: 0, Created: 0
   Session totals - Updated: 348, Created: 218

📊 Coverage: 7.8% (29,063/372,602 usable)
💤 Waiting 30s before next cycle...


🔄 CYCLE 44 STARTING...

📝 Updating 100 empty logs...
🔍 Checking 22 potential new logs...

────────────────────────────────────────
✅ Cycle 44 Complete:
   Updated: 0, Created: 0
   Session totals - Updated: 348, Created: 218

📊 Coverage: 7.3% (27,200/372,602 usable)
💤 Waiting 30s before next cycle...


🔄 CYCLE 45 STARTING...

📝 Updating 100 empty logs...
🔍 Checking 22 potential new logs...

────────────────────────────────────────
✅ Cycle 45 Complete:
   Updated: 0, Created: 0
   Session totals - Updated: 348, Created: 218

📊 Coverage: 8.7% (32,416/372,602 usable)
💤 Waiting 30s before next cycle...


🔄 CYCLE 46 STARTING...

📝 Updating 100 empty logs...
🔍 Checking 22 potential new logs...

────────────────────────────────────────
✅ Cycle 46 Complete:
   Updated: 0, Created: 0
   Session totals - Updated: 348, Created: 218

📊 Coverage: 9.6% (35,770/372,602 usable)
💤 Waiting 30s before next cycle...


🔄 CYCLE 47 STARTING...

📝 Updating 100 empty logs...
🔍 Checking 22 potential new logs...

────────────────────────────────────────
✅ Cycle 47 Complete:
   Updated: 0, Created: 0
   Session totals - Updated: 348, Created: 218

📊 Coverage: 9.8% (36,515/372,602 usable)
💤 Waiting 30s before next cycle...


🔄 CYCLE 48 STARTING...

📝 Updating 100 empty logs...
🔍 Checking 22 potential new logs...

────────────────────────────────────────
✅ Cycle 48 Complete:
   Updated: 0, Created: 0
   Session totals - Updated: 348, Created: 218

📊 Coverage: 10.2% (38,005/372,602 usable)
💤 Waiting 30s before next cycle...


🔄 CYCLE 49 STARTING...

📝 Updating 100 empty logs...
🔍 Checking 22 potential new logs...

────────────────────────────────────────
✅ Cycle 49 Complete:
   Updated: 0, Created: 0
   Session totals - Updated: 348, Created: 218

📊 Coverage: 11.8% (43,967/372,602 usable)
💤 Waiting 30s before next cycle...


🔄 CYCLE 50 STARTING...

📝 Updating 100 empty logs...
🔍 Checking 22 potential new logs...

────────────────────────────────────────
✅ Cycle 50 Complete:
   Updated: 0, Created: 0
   Session totals - Updated: 348, Created: 218

📊 Coverage: 12.1% (45,085/372,602 usable)
💤 Waiting 30s before next cycle...


🔄 CYCLE 51 STARTING...

📝 Updating 100 empty logs...
🔍 Checking 22 potential new logs...

────────────────────────────────────────
✅ Cycle 51 Complete:
   Updated: 0, Created: 0
   Session totals - Updated: 348, Created: 218

📊 Coverage: 11.2% (41,731/372,602 usable)
💤 Waiting 30s before next cycle...


🔄 CYCLE 52 STARTING...

📝 Updating 100 empty logs...
🔍 Checking 22 potential new logs...

────────────────────────────────────────
✅ Cycle 52 Complete:
   Updated: 0, Created: 0
   Session totals - Updated: 348, Created: 218

📊 Coverage: 12.4% (46,203/372,602 usable)
💤 Waiting 30s before next cycle...


🔄 CYCLE 53 STARTING...

📝 Updating 100 empty logs...
🔍 Checking 22 potential new logs...

────────────────────────────────────────
✅ Cycle 53 Complete:
   Updated: 0, Created: 0
   Session totals - Updated: 348, Created: 218

📊 Coverage: 12.1% (45,085/372,602 usable)
💤 Waiting 30s before next cycle...


🔄 CYCLE 54 STARTING...

📝 Updating 100 empty logs...
🔍 Checking 22 potential new logs...

────────────────────────────────────────
✅ Cycle 54 Complete:
   Updated: 0, Created: 0
   Session totals - Updated: 348, Created: 218

📊 Coverage: 12.1% (45,085/372,602 usable)
💤 Waiting 30s before next cycle...


🔄 CYCLE 55 STARTING...

📝 Updating 100 empty logs...
🔍 Checking 22 potential new logs...

────────────────────────────────────────
✅ Cycle 55 Complete:
   Updated: 0, Created: 0
   Session totals - Updated: 348, Created: 218

📊 Coverage: 11.5% (42,849/372,602 usable)
💤 Waiting 30s before next cycle...


🔄 CYCLE 56 STARTING...

📝 Updating 100 empty logs...
🔍 Checking 22 potential new logs...

────────────────────────────────────────
✅ Cycle 56 Complete:
   Updated: 0, Created: 0
   Session totals - Updated: 348, Created: 218

📊 Coverage: 12.4% (46,203/372,602 usable)
💤 Waiting 30s before next cycle...


🔄 CYCLE 57 STARTING...

📝 Updating 100 empty logs...
🔍 Checking 22 potential new logs...

────────────────────────────────────────
✅ Cycle 57 Complete:
   Updated: 0, Created: 0
   Session totals - Updated: 348, Created: 218

📊 Coverage: 36.6% (136,372/372,602 usable)
💤 Waiting 30s before next cycle...


🔄 CYCLE 58 STARTING...

📝 Updating 100 empty logs...
🔍 Checking 22 potential new logs...

────────────────────────────────────────
✅ Cycle 58 Complete:
   Updated: 0, Created: 0
   Session totals - Updated: 348, Created: 218

📊 Coverage: 88.7% (330,498/372,602 usable)
💤 Waiting 30s before next cycle...


🔄 CYCLE 59 STARTING...

📝 Updating 100 empty logs...
🔍 Checking 22 potential new logs...

────────────────────────────────────────
✅ Cycle 59 Complete:
   Updated: 0, Created: 0
   Session totals - Updated: 348, Created: 218

📊 Coverage: 75.8% (282,432/372,602 usable)
💤 Waiting 30s before next cycle...


🔄 CYCLE 60 STARTING...

📝 Updating 100 empty logs...
🔍 Checking 22 potential new logs...

────────────────────────────────────────
✅ Cycle 60 Complete:
   Updated: 0, Created: 0
   Session totals - Updated: 348, Created: 218

📊 Coverage: 21.8% (81,227/372,602 usable)
💤 Waiting 30s before next cycle...


🔄 CYCLE 61 STARTING...

📝 Updating 100 empty logs...
🔍 Checking 22 potential new logs...

────────────────────────────────────────
✅ Cycle 61 Complete:
   Updated: 15, Created: 0
   Session totals - Updated: 363, Created: 218

📊 Coverage: 12.5% (46,575/372,602 usable)
💤 Waiting 30s before next cycle...


🔄 CYCLE 62 STARTING...

📝 Updating 100 empty logs...
🔍 Checking 22 potential new logs...

────────────────────────────────────────
✅ Cycle 62 Complete:
   Updated: 7, Created: 0
   Session totals - Updated: 370, Created: 218

📊 Coverage: 39.0% (145,315/372,602 usable)
💤 Waiting 30s before next cycle...


🔄 CYCLE 63 STARTING...

📝 Updating 100 empty logs...
🔍 Checking 22 potential new logs...

────────────────────────────────────────
✅ Cycle 63 Complete:
   Updated: 0, Created: 0
   Session totals - Updated: 370, Created: 218

📊 Coverage: 82.4% (307,024/372,602 usable)
💤 Waiting 30s before next cycle...


🔄 CYCLE 64 STARTING...

📝 Updating 100 empty logs...
🔍 Checking 22 potential new logs...

────────────────────────────────────────
✅ Cycle 64 Complete:
   Updated: 0, Created: 0
   Session totals - Updated: 370, Created: 218

📊 Coverage: 71.2% (265,293/372,602 usable)
💤 Waiting 30s before next cycle...


🔄 CYCLE 65 STARTING...

📝 Updating 100 empty logs...
🔍 Checking 22 potential new logs...

────────────────────────────────────────
✅ Cycle 65 Complete:
   Updated: 0, Created: 0
   Session totals - Updated: 370, Created: 218

📊 Coverage: 39.6% (147,550/372,602 usable)
💤 Waiting 30s before next cycle...


🔄 CYCLE 66 STARTING...

📝 Updating 100 empty logs...
🔍 Checking 22 potential new logs...

────────────────────────────────────────
✅ Cycle 66 Complete:
   Updated: 14, Created: 0
   Session totals - Updated: 384, Created: 218

📊 Coverage: 55.5% (206,794/372,602 usable)
💤 Waiting 30s before next cycle...


🔄 CYCLE 67 STARTING...

📝 Updating 100 empty logs...
🔍 Checking 22 potential new logs...

────────────────────────────────────────
✅ Cycle 67 Complete:
   Updated: 2, Created: 0
   Session totals - Updated: 386, Created: 218

📊 Coverage: 59.3% (220,953/372,602 usable)
💤 Waiting 30s before next cycle...


🔄 CYCLE 68 STARTING...

📝 Updating 100 empty logs...
🔍 Checking 22 potential new logs...

────────────────────────────────────────
✅ Cycle 68 Complete:
   Updated: 0, Created: 0
   Session totals - Updated: 386, Created: 218

📊 Coverage: 59.2% (220,580/372,602 usable)
💤 Waiting 30s before next cycle...


🔄 CYCLE 69 STARTING...

📝 Updating 100 empty logs...
🔍 Checking 22 potential new logs...

────────────────────────────────────────
✅ Cycle 69 Complete:
   Updated: 0, Created: 0
   Session totals - Updated: 386, Created: 218

📊 Coverage: 49.2% (183,320/372,602 usable)
💤 Waiting 30s before next cycle...


🔄 CYCLE 70 STARTING...

📝 Updating 100 empty logs...
🔍 Checking 22 potential new logs...

────────────────────────────────────────
✅ Cycle 70 Complete:
   Updated: 0, Created: 0
   Session totals - Updated: 386, Created: 218

📊 Coverage: 46.1% (171,770/372,602 usable)
💤 Waiting 30s before next cycle...


🔄 CYCLE 71 STARTING...

📝 Updating 100 empty logs...
🔍 Checking 22 potential new logs...

────────────────────────────────────────
✅ Cycle 71 Complete:
   Updated: 0, Created: 0
   Session totals - Updated: 386, Created: 218

📊 Coverage: 35.6% (132,646/372,602 usable)
💤 Waiting 30s before next cycle...


🔄 CYCLE 72 STARTING...

📝 Updating 100 empty logs...
🔍 Checking 22 potential new logs...

────────────────────────────────────────
✅ Cycle 72 Complete:
   Updated: 0, Created: 0
   Session totals - Updated: 386, Created: 218

📊 Coverage: 73.5% (273,862/372,602 usable)
💤 Waiting 30s before next cycle...


🔄 CYCLE 73 STARTING...

📝 Updating 100 empty logs...
🔍 Checking 22 potential new logs...

────────────────────────────────────────
✅ Cycle 73 Complete:
   Updated: 0, Created: 0
   Session totals - Updated: 386, Created: 218

📊 Coverage: 83.3% (310,377/372,602 usable)
💤 Waiting 30s before next cycle...


🔄 CYCLE 74 STARTING...

📝 Updating 100 empty logs...
🔍 Checking 22 potential new logs...

────────────────────────────────────────
✅ Cycle 74 Complete:
   Updated: 0, Created: 0
   Session totals - Updated: 386, Created: 218

📊 Coverage: 8.3% (30,926/372,602 usable)
💤 Waiting 30s before next cycle...


🔄 CYCLE 75 STARTING...

📝 Updating 100 empty logs...
🔍 Checking 22 potential new logs...

────────────────────────────────────────
✅ Cycle 75 Complete:
   Updated: 0, Created: 0
   Session totals - Updated: 386, Created: 218

📊 Coverage: 7.8% (29,063/372,602 usable)
💤 Waiting 30s before next cycle...


🔄 CYCLE 76 STARTING...

📝 Updating 100 empty logs...
🔍 Checking 22 potential new logs...

────────────────────────────────────────
✅ Cycle 76 Complete:
   Updated: 0, Created: 0
   Session totals - Updated: 386, Created: 218

📊 Coverage: 7.3% (27,200/372,602 usable)
💤 Waiting 30s before next cycle...


🔄 CYCLE 77 STARTING...

📝 Updating 100 empty logs...
🔍 Checking 22 potential new logs...

────────────────────────────────────────
✅ Cycle 77 Complete:
   Updated: 0, Created: 0
   Session totals - Updated: 386, Created: 218

📊 Coverage: 8.7% (32,416/372,602 usable)
💤 Waiting 30s before next cycle...


🔄 CYCLE 78 STARTING...

📝 Updating 100 empty logs...
🔍 Checking 22 potential new logs...

────────────────────────────────────────
✅ Cycle 78 Complete:
   Updated: 0, Created: 0
   Session totals - Updated: 386, Created: 218

📊 Coverage: 9.6% (35,770/372,602 usable)
💤 Waiting 30s before next cycle...


🔄 CYCLE 79 STARTING...

📝 Updating 100 empty logs...
🔍 Checking 22 potential new logs...

────────────────────────────────────────
✅ Cycle 79 Complete:
   Updated: 0, Created: 0
   Session totals - Updated: 386, Created: 218

📊 Coverage: 9.8% (36,515/372,602 usable)
💤 Waiting 30s before next cycle...


🔄 CYCLE 80 STARTING...

📝 Updating 100 empty logs...
🔍 Checking 22 potential new logs...

────────────────────────────────────────
✅ Cycle 80 Complete:
   Updated: 0, Created: 0
   Session totals - Updated: 386, Created: 218

📊 Coverage: 10.2% (38,005/372,602 usable)
💤 Waiting 30s before next cycle...


🔄 CYCLE 81 STARTING...

📝 Updating 100 empty logs...
🔍 Checking 22 potential new logs...

────────────────────────────────────────
✅ Cycle 81 Complete:
   Updated: 0, Created: 0
   Session totals - Updated: 386, Created: 218

📊 Coverage: 11.8% (43,967/372,602 usable)
💤 Waiting 30s before next cycle...


🔄 CYCLE 82 STARTING...

📝 Updating 100 empty logs...
🔍 Checking 22 potential new logs...

────────────────────────────────────────
✅ Cycle 82 Complete:
   Updated: 0, Created: 0
   Session totals - Updated: 386, Created: 218

📊 Coverage: 12.1% (45,085/372,602 usable)
💤 Waiting 30s before next cycle...


🔄 CYCLE 83 STARTING...

📝 Updating 100 empty logs...
🔍 Checking 22 potential new logs...

────────────────────────────────────────
✅ Cycle 83 Complete:
   Updated: 0, Created: 0
   Session totals - Updated: 386, Created: 218

📊 Coverage: 11.2% (41,731/372,602 usable)
💤 Waiting 30s before next cycle...


🔄 CYCLE 84 STARTING...

📝 Updating 100 empty logs...
🔍 Checking 22 potential new logs...

────────────────────────────────────────
✅ Cycle 84 Complete:
   Updated: 0, Created: 0
   Session totals - Updated: 386, Created: 218

📊 Coverage: 12.4% (46,203/372,602 usable)
💤 Waiting 30s before next cycle...


🔄 CYCLE 85 STARTING...

📝 Updating 100 empty logs...
🔍 Checking 22 potential new logs...

────────────────────────────────────────
✅ Cycle 85 Complete:
   Updated: 0, Created: 0
   Session totals - Updated: 386, Created: 218

📊 Coverage: 12.1% (45,085/372,602 usable)
💤 Waiting 30s before next cycle...


🔄 CYCLE 86 STARTING...

📝 Updating 100 empty logs...
🔍 Checking 22 potential new logs...

────────────────────────────────────────
✅ Cycle 86 Complete:
   Updated: 0, Created: 0
   Session totals - Updated: 386, Created: 218

📊 Coverage: 12.1% (45,085/372,602 usable)
💤 Waiting 30s before next cycle...


🔄 CYCLE 87 STARTING...

📝 Updating 100 empty logs...
🔍 Checking 22 potential new logs...

────────────────────────────────────────
✅ Cycle 87 Complete:
   Updated: 0, Created: 0
   Session totals - Updated: 386, Created: 218

📊 Coverage: 11.5% (42,849/372,602 usable)
💤 Waiting 30s before next cycle...


🔄 CYCLE 88 STARTING...

📝 Updating 100 empty logs...
🔍 Checking 22 potential new logs...

────────────────────────────────────────
✅ Cycle 88 Complete:
   Updated: 0, Created: 0
   Session totals - Updated: 386, Created: 218

📊 Coverage: 12.4% (46,203/372,602 usable)
💤 Waiting 30s before next cycle...


🔄 CYCLE 89 STARTING...

📝 Updating 100 empty logs...
🔍 Checking 22 potential new logs...

────────────────────────────────────────
✅ Cycle 89 Complete:
   Updated: 0, Created: 0
   Session totals - Updated: 386, Created: 218

📊 Coverage: 36.6% (136,372/372,602 usable)
💤 Waiting 30s before next cycle...


🔄 CYCLE 90 STARTING...

📝 Updating 100 empty logs...
🔍 Checking 22 potential new logs...

────────────────────────────────────────
✅ Cycle 90 Complete:
   Updated: 0, Created: 0
   Session totals - Updated: 386, Created: 218

📊 Coverage: 88.7% (330,498/372,602 usable)
💤 Waiting 30s before next cycle...


🔄 CYCLE 91 STARTING...

📝 Updating 100 empty logs...
🔍 Checking 22 potential new logs...

────────────────────────────────────────
✅ Cycle 91 Complete:
   Updated: 0, Created: 0
   Session totals - Updated: 386, Created: 218

📊 Coverage: 75.8% (282,432/372,602 usable)
💤 Waiting 30s before next cycle...


🔄 CYCLE 92 STARTING...

📝 Updating 100 empty logs...
🔍 Checking 22 potential new logs...

────────────────────────────────────────
✅ Cycle 92 Complete:
   Updated: 0, Created: 0
   Session totals - Updated: 386, Created: 218

📊 Coverage: 21.8% (81,227/372,602 usable)
💤 Waiting 30s before next cycle...


🔄 CYCLE 93 STARTING...

📝 Updating 100 empty logs...
🔍 Checking 22 potential new logs...

────────────────────────────────────────
✅ Cycle 93 Complete:
   Updated: 12, Created: 0
   Session totals - Updated: 398, Created: 218

📊 Coverage: 12.5% (46,575/372,602 usable)
💤 Waiting 30s before next cycle...


🔄 CYCLE 94 STARTING...

📝 Updating 100 empty logs...
🔍 Checking 22 potential new logs...

────────────────────────────────────────
✅ Cycle 94 Complete:
   Updated: 1, Created: 0
   Session totals - Updated: 399, Created: 218

📊 Coverage: 39.0% (145,315/372,602 usable)
💤 Waiting 30s before next cycle...


🔄 CYCLE 95 STARTING...

📝 Updating 100 empty logs...
🔍 Checking 22 potential new logs...

────────────────────────────────────────
✅ Cycle 95 Complete:
   Updated: 0, Created: 0
   Session totals - Updated: 399, Created: 218

📊 Coverage: 82.4% (307,024/372,602 usable)
💤 Waiting 30s before next cycle...


🔄 CYCLE 96 STARTING...

📝 Updating 100 empty logs...
🔍 Checking 22 potential new logs...

────────────────────────────────────────
✅ Cycle 96 Complete:
   Updated: 0, Created: 0
   Session totals - Updated: 399, Created: 218

📊 Coverage: 71.2% (265,293/372,602 usable)
💤 Waiting 30s before next cycle...


🔄 CYCLE 97 STARTING...

📝 Updating 100 empty logs...
🔍 Checking 22 potential new logs...

────────────────────────────────────────
✅ Cycle 97 Complete:
   Updated: 0, Created: 0
   Session totals - Updated: 399, Created: 218

📊 Coverage: 39.6% (147,550/372,602 usable)
💤 Waiting 30s before next cycle...


🔄 CYCLE 98 STARTING...

📝 Updating 100 empty logs...
🔍 Checking 22 potential new logs...

────────────────────────────────────────
✅ Cycle 98 Complete:
   Updated: 8, Created: 0
   Session totals - Updated: 407, Created: 218

📊 Coverage: 55.5% (206,794/372,602 usable)
💤 Waiting 30s before next cycle...


🔄 CYCLE 99 STARTING...

📝 Updating 100 empty logs...
🔍 Checking 22 potential new logs...

────────────────────────────────────────
✅ Cycle 99 Complete:
   Updated: 0, Created: 0
   Session totals - Updated: 407, Created: 218

📊 Coverage: 59.3% (220,953/372,602 usable)
💤 Waiting 30s before next cycle...


🔄 CYCLE 100 STARTING...

📝 Updating 100 empty logs...
🔍 Checking 22 potential new logs...

────────────────────────────────────────
✅ Cycle 100 Complete:
   Updated: 0, Created: 0
   Session totals - Updated: 407, Created: 218

📊 Coverage: 59.2% (220,580/372,602 usable)
💤 Waiting 30s before next cycle...


🔄 CYCLE 101 STARTING...

📝 Updating 100 empty logs...
🔍 Checking 22 potential new logs...

────────────────────────────────────────
✅ Cycle 101 Complete:
   Updated: 0, Created: 0
   Session totals - Updated: 407, Created: 218

📊 Coverage: 49.2% (183,320/372,602 usable)
💤 Waiting 30s before next cycle...


🔄 CYCLE 102 STARTING...

📝 Updating 100 empty logs...
🔍 Checking 22 potential new logs...

────────────────────────────────────────
✅ Cycle 102 Complete:
   Updated: 0, Created: 0
   Session totals - Updated: 407, Created: 218

📊 Coverage: 46.1% (171,770/372,602 usable)
💤 Waiting 30s before next cycle...


🔄 CYCLE 103 STARTING...

📝 Updating 100 empty logs...
🔍 Checking 22 potential new logs...

────────────────────────────────────────
✅ Cycle 103 Complete:
   Updated: 0, Created: 0
   Session totals - Updated: 407, Created: 218

📊 Coverage: 35.6% (132,646/372,602 usable)
💤 Waiting 30s before next cycle...


🔄 CYCLE 104 STARTING...

📝 Updating 100 empty logs...
🔍 Checking 22 potential new logs...

────────────────────────────────────────
✅ Cycle 104 Complete:
   Updated: 0, Created: 0
   Session totals - Updated: 407, Created: 218

📊 Coverage: 73.5% (273,862/372,602 usable)
💤 Waiting 30s before next cycle...


🔄 CYCLE 105 STARTING...

📝 Updating 100 empty logs...
🔍 Checking 22 potential new logs...

────────────────────────────────────────
✅ Cycle 105 Complete:
   Updated: 0, Created: 0
   Session totals - Updated: 407, Created: 218

📊 Coverage: 84.7% (315,594/372,602 usable)
💤 Waiting 30s before next cycle...


🔄 CYCLE 106 STARTING...

📝 Updating 100 empty logs...
🔍 Checking 22 potential new logs...

────────────────────────────────────────
✅ Cycle 106 Complete:
   Updated: 0, Created: 0
   Session totals - Updated: 407, Created: 218

📊 Coverage: 8.3% (30,926/372,602 usable)
💤 Waiting 30s before next cycle...


🔄 CYCLE 107 STARTING...

📝 Updating 100 empty logs...
🔍 Checking 22 potential new logs...

────────────────────────────────────────
✅ Cycle 107 Complete:
   Updated: 0, Created: 0
   Session totals - Updated: 407, Created: 218

📊 Coverage: 7.8% (29,063/372,602 usable)
💤 Waiting 30s before next cycle...


🔄 CYCLE 108 STARTING...

📝 Updating 100 empty logs...
🔍 Checking 22 potential new logs...

────────────────────────────────────────
✅ Cycle 108 Complete:
   Updated: 0, Created: 0
   Session totals - Updated: 407, Created: 218

📊 Coverage: 7.3% (27,200/372,602 usable)
💤 Waiting 30s before next cycle...


🔄 CYCLE 109 STARTING...

📝 Updating 100 empty logs...
🔍 Checking 22 potential new logs...

────────────────────────────────────────
✅ Cycle 109 Complete:
   Updated: 0, Created: 0
   Session totals - Updated: 407, Created: 218

📊 Coverage: 8.7% (32,416/372,602 usable)
💤 Waiting 30s before next cycle...


🔄 CYCLE 110 STARTING...

📝 Updating 100 empty logs...
🔍 Checking 22 potential new logs...

────────────────────────────────────────
✅ Cycle 110 Complete:
   Updated: 0, Created: 0
   Session totals - Updated: 407, Created: 218

📊 Coverage: 9.6% (35,770/372,602 usable)
💤 Waiting 30s before next cycle...


🔄 CYCLE 111 STARTING...

📝 Updating 100 empty logs...
🔍 Checking 22 potential new logs...

────────────────────────────────────────
✅ Cycle 111 Complete:
   Updated: 0, Created: 0
   Session totals - Updated: 407, Created: 218

📊 Coverage: 9.8% (36,515/372,602 usable)
💤 Waiting 30s before next cycle...


🔄 CYCLE 112 STARTING...

📝 Updating 100 empty logs...
🔍 Checking 22 potential new logs...

────────────────────────────────────────
✅ Cycle 112 Complete:
   Updated: 0, Created: 0
   Session totals - Updated: 407, Created: 218

📊 Coverage: 10.2% (38,005/372,602 usable)
💤 Waiting 30s before next cycle...


🔄 CYCLE 113 STARTING...

📝 Updating 100 empty logs...
🔍 Checking 22 potential new logs...

────────────────────────────────────────
✅ Cycle 113 Complete:
   Updated: 0, Created: 0
   Session totals - Updated: 407, Created: 218

📊 Coverage: 11.8% (43,967/372,602 usable)
💤 Waiting 30s before next cycle...


🔄 CYCLE 114 STARTING...

📝 Updating 100 empty logs...
🔍 Checking 22 potential new logs...

────────────────────────────────────────
✅ Cycle 114 Complete:
   Updated: 0, Created: 0
   Session totals - Updated: 407, Created: 218

📊 Coverage: 12.1% (45,085/372,602 usable)
💤 Waiting 30s before next cycle...


🔄 CYCLE 115 STARTING...

📝 Updating 100 empty logs...
🔍 Checking 22 potential new logs...

────────────────────────────────────────
✅ Cycle 115 Complete:
   Updated: 0, Created: 0
   Session totals - Updated: 407, Created: 218

📊 Coverage: 11.2% (41,731/372,602 usable)
💤 Waiting 30s before next cycle...


🔄 CYCLE 116 STARTING...

📝 Updating 100 empty logs...
🔍 Checking 22 potential new logs...

────────────────────────────────────────
✅ Cycle 116 Complete:
   Updated: 0, Created: 0
   Session totals - Updated: 407, Created: 218

📊 Coverage: 12.4% (46,203/372,602 usable)
💤 Waiting 30s before next cycle...


🔄 CYCLE 117 STARTING...

📝 Updating 100 empty logs...
🔍 Checking 22 potential new logs...

────────────────────────────────────────
✅ Cycle 117 Complete:
   Updated: 0, Created: 0
   Session totals - Updated: 407, Created: 218

📊 Coverage: 12.1% (45,085/372,602 usable)
💤 Waiting 30s before next cycle...


🔄 CYCLE 118 STARTING...

📝 Updating 100 empty logs...
🔍 Checking 22 potential new logs...

────────────────────────────────────────
✅ Cycle 118 Complete:
   Updated: 0, Created: 0
   Session totals - Updated: 407, Created: 218

📊 Coverage: 12.1% (45,085/372,602 usable)
💤 Waiting 30s before next cycle...


🔄 CYCLE 119 STARTING...

📝 Updating 100 empty logs...
🔍 Checking 22 potential new logs...

────────────────────────────────────────
✅ Cycle 119 Complete:
   Updated: 0, Created: 0
   Session totals - Updated: 407, Created: 218

📊 Coverage: 11.5% (42,849/372,602 usable)
💤 Waiting 30s before next cycle...


🔄 CYCLE 120 STARTING...

📝 Updating 100 empty logs...
🔍 Checking 22 potential new logs...

────────────────────────────────────────
✅ Cycle 120 Complete:
   Updated: 0, Created: 0
   Session totals - Updated: 407, Created: 218

📊 Coverage: 12.4% (46,203/372,602 usable)
💤 Waiting 30s before next cycle...


🔄 CYCLE 121 STARTING...

📝 Updating 100 empty logs...
🔍 Checking 22 potential new logs...

────────────────────────────────────────
✅ Cycle 121 Complete:
   Updated: 0, Created: 0
   Session totals - Updated: 407, Created: 218

📊 Coverage: 36.6% (136,372/372,602 usable)
💤 Waiting 30s before next cycle...


🔄 CYCLE 122 STARTING...

📝 Updating 100 empty logs...
🔍 Checking 22 potential new logs...

────────────────────────────────────────
✅ Cycle 122 Complete:
   Updated: 0, Created: 0
   Session totals - Updated: 407, Created: 218

📊 Coverage: 88.7% (330,498/372,602 usable)
💤 Waiting 30s before next cycle...


🔄 CYCLE 123 STARTING...

📝 Updating 100 empty logs...
🔍 Checking 22 potential new logs...

────────────────────────────────────────
✅ Cycle 123 Complete:
   Updated: 0, Created: 0
   Session totals - Updated: 407, Created: 218

📊 Coverage: 75.8% (282,432/372,602 usable)
💤 Waiting 30s before next cycle...


🔄 CYCLE 124 STARTING...

📝 Updating 100 empty logs...
🔍 Checking 22 potential new logs...

────────────────────────────────────────
✅ Cycle 124 Complete:
   Updated: 0, Created: 0
   Session totals - Updated: 407, Created: 218

📊 Coverage: 21.8% (81,227/372,602 usable)
💤 Waiting 30s before next cycle...


🔄 CYCLE 125 STARTING...

📝 Updating 100 empty logs...
🔍 Checking 22 potential new logs...

────────────────────────────────────────
✅ Cycle 125 Complete:
   Updated: 10, Created: 0
   Session totals - Updated: 417, Created: 218

📊 Coverage: 12.5% (46,575/372,602 usable)
💤 Waiting 30s before next cycle...


🔄 CYCLE 126 STARTING...

📝 Updating 100 empty logs...
🔍 Checking 22 potential new logs...

────────────────────────────────────────
✅ Cycle 126 Complete:
   Updated: 0, Created: 0
   Session totals - Updated: 417, Created: 218

📊 Coverage: 39.0% (145,315/372,602 usable)
💤 Waiting 30s before next cycle...


🔄 CYCLE 127 STARTING...

📝 Updating 100 empty logs...
🔍 Checking 22 potential new logs...

────────────────────────────────────────
✅ Cycle 127 Complete:
   Updated: 0, Created: 0
   Session totals - Updated: 417, Created: 218

📊 Coverage: 82.4% (307,024/372,602 usable)
💤 Waiting 30s before next cycle...


🔄 CYCLE 128 STARTING...

📝 Updating 100 empty logs...
🔍 Checking 22 potential new logs...

────────────────────────────────────────
✅ Cycle 128 Complete:
   Updated: 0, Created: 0
   Session totals - Updated: 417, Created: 218

📊 Coverage: 71.2% (265,293/372,602 usable)
💤 Waiting 30s before next cycle...


🔄 CYCLE 129 STARTING...

📝 Updating 100 empty logs...
🔍 Checking 22 potential new logs...

────────────────────────────────────────
✅ Cycle 129 Complete:
   Updated: 0, Created: 0
   Session totals - Updated: 417, Created: 218

📊 Coverage: 39.6% (147,550/372,602 usable)
💤 Waiting 30s before next cycle...


🔄 CYCLE 130 STARTING...

📝 Updating 100 empty logs...
🔍 Checking 22 potential new logs...

────────────────────────────────────────
✅ Cycle 130 Complete:
   Updated: 3, Created: 0
   Session totals - Updated: 420, Created: 218

📊 Coverage: 55.5% (206,794/372,602 usable)
💤 Waiting 30s before next cycle...


🔄 CYCLE 131 STARTING...

📝 Updating 100 empty logs...
🔍 Checking 22 potential new logs...

────────────────────────────────────────
✅ Cycle 131 Complete:
   Updated: 0, Created: 0
   Session totals - Updated: 420, Created: 218

📊 Coverage: 59.3% (220,953/372,602 usable)
💤 Waiting 30s before next cycle...


🔄 CYCLE 132 STARTING...

📝 Updating 100 empty logs...
🔍 Checking 22 potential new logs...

────────────────────────────────────────
✅ Cycle 132 Complete:
   Updated: 0, Created: 0
   Session totals - Updated: 420, Created: 218

📊 Coverage: 59.2% (220,580/372,602 usable)
💤 Waiting 30s before next cycle...


🔄 CYCLE 133 STARTING...

📝 Updating 100 empty logs...
🔍 Checking 22 potential new logs...

────────────────────────────────────────
✅ Cycle 133 Complete:
   Updated: 0, Created: 0
   Session totals - Updated: 420, Created: 218

📊 Coverage: 49.2% (183,320/372,602 usable)
💤 Waiting 30s before next cycle...


🔄 CYCLE 134 STARTING...

📝 Updating 100 empty logs...
🔍 Checking 22 potential new logs...

────────────────────────────────────────
✅ Cycle 134 Complete:
   Updated: 0, Created: 0
   Session totals - Updated: 420, Created: 218

📊 Coverage: 46.1% (171,770/372,602 usable)
💤 Waiting 30s before next cycle...


🔄 CYCLE 135 STARTING...

📝 Updating 100 empty logs...
🔍 Checking 22 potential new logs...

────────────────────────────────────────
✅ Cycle 135 Complete:
   Updated: 0, Created: 0
   Session totals - Updated: 420, Created: 218

📊 Coverage: 35.6% (132,646/372,602 usable)
💤 Waiting 30s before next cycle...


🔄 CYCLE 136 STARTING...

📝 Updating 100 empty logs...
🔍 Checking 22 potential new logs...

────────────────────────────────────────
✅ Cycle 136 Complete:
   Updated: 0, Created: 0
   Session totals - Updated: 420, Created: 218

📊 Coverage: 73.5% (273,862/372,602 usable)
💤 Waiting 30s before next cycle...


🔄 CYCLE 137 STARTING...

📝 Updating 100 empty logs...
🔍 Checking 22 potential new logs...

────────────────────────────────────────
✅ Cycle 137 Complete:
   Updated: 0, Created: 0
   Session totals - Updated: 420, Created: 218

📊 Coverage: 85.3% (317,830/372,602 usable)
💤 Waiting 30s before next cycle...


🔄 CYCLE 138 STARTING...

📝 Updating 100 empty logs...
🔍 Checking 22 potential new logs...

────────────────────────────────────────
✅ Cycle 138 Complete:
   Updated: 0, Created: 0
   Session totals - Updated: 420, Created: 218

📊 Coverage: 8.3% (30,926/372,602 usable)
💤 Waiting 30s before next cycle...


🔄 CYCLE 139 STARTING...

📝 Updating 100 empty logs...
🔍 Checking 22 potential new logs...

────────────────────────────────────────
✅ Cycle 139 Complete:
   Updated: 0, Created: 0
   Session totals - Updated: 420, Created: 218

📊 Coverage: 7.8% (29,063/372,602 usable)
💤 Waiting 30s before next cycle...


🔄 CYCLE 140 STARTING...

📝 Updating 100 empty logs...
🔍 Checking 22 potential new logs...

────────────────────────────────────────
✅ Cycle 140 Complete:
   Updated: 0, Created: 0
   Session totals - Updated: 420, Created: 218

📊 Coverage: 7.3% (27,200/372,602 usable)
💤 Waiting 30s before next cycle...


🔄 CYCLE 141 STARTING...

📝 Updating 100 empty logs...
🔍 Checking 22 potential new logs...

────────────────────────────────────────
✅ Cycle 141 Complete:
   Updated: 0, Created: 0
   Session totals - Updated: 420, Created: 218

📊 Coverage: 8.7% (32,416/372,602 usable)
💤 Waiting 30s before next cycle...


🔄 CYCLE 142 STARTING...

📝 Updating 100 empty logs...
🔍 Checking 22 potential new logs...

────────────────────────────────────────
✅ Cycle 142 Complete:
   Updated: 0, Created: 0
   Session totals - Updated: 420, Created: 218

📊 Coverage: 9.6% (35,770/372,602 usable)
💤 Waiting 30s before next cycle...


🔄 CYCLE 143 STARTING...

📝 Updating 100 empty logs...
🔍 Checking 22 potential new logs...

────────────────────────────────────────
✅ Cycle 143 Complete:
   Updated: 0, Created: 0
   Session totals - Updated: 420, Created: 218

📊 Coverage: 9.8% (36,515/372,602 usable)
💤 Waiting 30s before next cycle...


🔄 CYCLE 144 STARTING...

📝 Updating 100 empty logs...
🔍 Checking 22 potential new logs...

────────────────────────────────────────
✅ Cycle 144 Complete:
   Updated: 0, Created: 0
   Session totals - Updated: 420, Created: 218

📊 Coverage: 10.2% (38,005/372,602 usable)
💤 Waiting 30s before next cycle...


🔄 CYCLE 145 STARTING...

📝 Updating 100 empty logs...
🔍 Checking 22 potential new logs...

────────────────────────────────────────
✅ Cycle 145 Complete:
   Updated: 0, Created: 0
   Session totals - Updated: 420, Created: 218

📊 Coverage: 11.8% (43,967/372,602 usable)
💤 Waiting 30s before next cycle...


🔄 CYCLE 146 STARTING...

📝 Updating 100 empty logs...
🔍 Checking 22 potential new logs...

────────────────────────────────────────
✅ Cycle 146 Complete:
   Updated: 0, Created: 0
   Session totals - Updated: 420, Created: 218

📊 Coverage: 12.1% (45,085/372,602 usable)
💤 Waiting 30s before next cycle...


🔄 CYCLE 147 STARTING...

📝 Updating 100 empty logs...
🔍 Checking 22 potential new logs...

────────────────────────────────────────
✅ Cycle 147 Complete:
   Updated: 0, Created: 0
   Session totals - Updated: 420, Created: 218

📊 Coverage: 11.2% (41,731/372,602 usable)
💤 Waiting 30s before next cycle...


🔄 CYCLE 148 STARTING...

📝 Updating 100 empty logs...
🔍 Checking 22 potential new logs...

────────────────────────────────────────
✅ Cycle 148 Complete:
   Updated: 0, Created: 0
   Session totals - Updated: 420, Created: 218

📊 Coverage: 12.4% (46,203/372,602 usable)
💤 Waiting 30s before next cycle...


🔄 CYCLE 149 STARTING...

📝 Updating 100 empty logs...
🔍 Checking 22 potential new logs...

────────────────────────────────────────
✅ Cycle 149 Complete:
   Updated: 0, Created: 0
   Session totals - Updated: 420, Created: 218

📊 Coverage: 12.1% (45,085/372,602 usable)
💤 Waiting 30s before next cycle...


🔄 CYCLE 150 STARTING...

📝 Updating 100 empty logs...
🔍 Checking 22 potential new logs...

────────────────────────────────────────
✅ Cycle 150 Complete:
   Updated: 0, Created: 0
   Session totals - Updated: 420, Created: 218

📊 Coverage: 12.1% (45,085/372,602 usable)
💤 Waiting 30s before next cycle...


🔄 CYCLE 151 STARTING...

📝 Updating 100 empty logs...
🔍 Checking 22 potential new logs...

────────────────────────────────────────
✅ Cycle 151 Complete:
   Updated: 0, Created: 0
   Session totals - Updated: 420, Created: 218

📊 Coverage: 11.5% (42,849/372,602 usable)
💤 Waiting 30s before next cycle...


🔄 CYCLE 152 STARTING...

📝 Updating 100 empty logs...
🔍 Checking 22 potential new logs...

────────────────────────────────────────
✅ Cycle 152 Complete:
   Updated: 0, Created: 0
   Session totals - Updated: 420, Created: 218

📊 Coverage: 12.4% (46,203/372,602 usable)
💤 Waiting 30s before next cycle...


🔄 CYCLE 153 STARTING...

📝 Updating 100 empty logs...
🔍 Checking 22 potential new logs...

────────────────────────────────────────
✅ Cycle 153 Complete:
   Updated: 0, Created: 0
   Session totals - Updated: 420, Created: 218

📊 Coverage: 36.6% (136,372/372,602 usable)
💤 Waiting 30s before next cycle...


🔄 CYCLE 154 STARTING...

📝 Updating 100 empty logs...
🔍 Checking 22 potential new logs...

────────────────────────────────────────
✅ Cycle 154 Complete:
   Updated: 0, Created: 0
   Session totals - Updated: 420, Created: 218

📊 Coverage: 88.7% (330,498/372,602 usable)
💤 Waiting 30s before next cycle...


🔄 CYCLE 155 STARTING...

📝 Updating 100 empty logs...
🔍 Checking 22 potential new logs...

────────────────────────────────────────
✅ Cycle 155 Complete:
   Updated: 0, Created: 0
   Session totals - Updated: 420, Created: 218

📊 Coverage: 75.8% (282,432/372,602 usable)
💤 Waiting 30s before next cycle...


🔄 CYCLE 156 STARTING...

📝 Updating 100 empty logs...
🔍 Checking 22 potential new logs...

────────────────────────────────────────
✅ Cycle 156 Complete:
   Updated: 0, Created: 0
   Session totals - Updated: 420, Created: 218

📊 Coverage: 21.8% (81,227/372,602 usable)
💤 Waiting 30s before next cycle...


🔄 CYCLE 157 STARTING...

📝 Updating 100 empty logs...
🔍 Checking 22 potential new logs...

────────────────────────────────────────
✅ Cycle 157 Complete:
   Updated: 8, Created: 0
   Session totals - Updated: 428, Created: 218

📊 Coverage: 12.5% (46,575/372,602 usable)
💤 Waiting 30s before next cycle...


🔄 CYCLE 158 STARTING...

📝 Updating 100 empty logs...
🔍 Checking 22 potential new logs...

────────────────────────────────────────
✅ Cycle 158 Complete:
   Updated: 0, Created: 0
   Session totals - Updated: 428, Created: 218

📊 Coverage: 39.0% (145,315/372,602 usable)
💤 Waiting 30s before next cycle...


🔄 CYCLE 159 STARTING...

📝 Updating 100 empty logs...
🔍 Checking 22 potential new logs...

────────────────────────────────────────
✅ Cycle 159 Complete:
   Updated: 0, Created: 0
   Session totals - Updated: 428, Created: 218

📊 Coverage: 82.4% (307,024/372,602 usable)
💤 Waiting 30s before next cycle...


🔄 CYCLE 160 STARTING...

📝 Updating 100 empty logs...
🔍 Checking 22 potential new logs...

────────────────────────────────────────
✅ Cycle 160 Complete:
   Updated: 0, Created: 0
   Session totals - Updated: 428, Created: 218

📊 Coverage: 71.2% (265,293/372,602 usable)
💤 Waiting 30s before next cycle...


🔄 CYCLE 161 STARTING...

📝 Updating 100 empty logs...
🔍 Checking 22 potential new logs...

────────────────────────────────────────
✅ Cycle 161 Complete:
   Updated: 0, Created: 0
   Session totals - Updated: 428, Created: 218

📊 Coverage: 39.6% (147,550/372,602 usable)
💤 Waiting 30s before next cycle...


🔄 CYCLE 162 STARTING...

📝 Updating 100 empty logs...
🔍 Checking 22 potential new logs...

────────────────────────────────────────
✅ Cycle 162 Complete:
   Updated: 1, Created: 0
   Session totals - Updated: 429, Created: 218

📊 Coverage: 55.5% (206,794/372,602 usable)
💤 Waiting 30s before next cycle...


🔄 CYCLE 163 STARTING...

📝 Updating 100 empty logs...
🔍 Checking 22 potential new logs...

────────────────────────────────────────
✅ Cycle 163 Complete:
   Updated: 0, Created: 0
   Session totals - Updated: 429, Created: 218

📊 Coverage: 59.3% (220,953/372,602 usable)
💤 Waiting 30s before next cycle...


🔄 CYCLE 164 STARTING...

📝 Updating 100 empty logs...
🔍 Checking 22 potential new logs...

────────────────────────────────────────
✅ Cycle 164 Complete:
   Updated: 0, Created: 0
   Session totals - Updated: 429, Created: 218

📊 Coverage: 59.2% (220,580/372,602 usable)
💤 Waiting 30s before next cycle...


🔄 CYCLE 165 STARTING...

📝 Updating 100 empty logs...
🔍 Checking 22 potential new logs...

────────────────────────────────────────
✅ Cycle 165 Complete:
   Updated: 0, Created: 0
   Session totals - Updated: 429, Created: 218

📊 Coverage: 49.2% (183,320/372,602 usable)
💤 Waiting 30s before next cycle...


🔄 CYCLE 166 STARTING...

📝 Updating 100 empty logs...
🔍 Checking 22 potential new logs...

────────────────────────────────────────
✅ Cycle 166 Complete:
   Updated: 0, Created: 0
   Session totals - Updated: 429, Created: 218

📊 Coverage: 46.1% (171,770/372,602 usable)
💤 Waiting 30s before next cycle...


🔄 CYCLE 167 STARTING...

📝 Updating 100 empty logs...
🔍 Checking 22 potential new logs...

────────────────────────────────────────
✅ Cycle 167 Complete:
   Updated: 0, Created: 0
   Session totals - Updated: 429, Created: 218

📊 Coverage: 35.6% (132,646/372,602 usable)
💤 Waiting 30s before next cycle...


🔄 CYCLE 168 STARTING...

📝 Updating 100 empty logs...
🔍 Checking 22 potential new logs...

────────────────────────────────────────
✅ Cycle 168 Complete:
   Updated: 0, Created: 0
   Session totals - Updated: 429, Created: 218

📊 Coverage: 73.5% (273,862/372,602 usable)
💤 Waiting 30s before next cycle...


🔄 CYCLE 169 STARTING...

📝 Updating 100 empty logs...
🔍 Checking 22 potential new logs...

────────────────────────────────────────
✅ Cycle 169 Complete:
   Updated: 0, Created: 0
   Session totals - Updated: 429, Created: 218

📊 Coverage: 86.0% (320,438/372,602 usable)
💤 Waiting 30s before next cycle...


🔄 CYCLE 170 STARTING...

📝 Updating 100 empty logs...
🔍 Checking 22 potential new logs...

────────────────────────────────────────
✅ Cycle 170 Complete:
   Updated: 0, Created: 0
   Session totals - Updated: 429, Created: 218

📊 Coverage: 8.3% (30,926/372,602 usable)
💤 Waiting 30s before next cycle...


🔄 CYCLE 171 STARTING...

📝 Updating 100 empty logs...
🔍 Checking 22 potential new logs...

────────────────────────────────────────
✅ Cycle 171 Complete:
   Updated: 0, Created: 0
   Session totals - Updated: 429, Created: 218

📊 Coverage: 7.8% (29,063/372,602 usable)
💤 Waiting 30s before next cycle...


🔄 CYCLE 172 STARTING...

📝 Updating 100 empty logs...
🔍 Checking 22 potential new logs...

────────────────────────────────────────
✅ Cycle 172 Complete:
   Updated: 0, Created: 0
   Session totals - Updated: 429, Created: 218

📊 Coverage: 7.3% (27,200/372,602 usable)
💤 Waiting 30s before next cycle...


🔄 CYCLE 173 STARTING...

📝 Updating 100 empty logs...
🔍 Checking 22 potential new logs...

────────────────────────────────────────
✅ Cycle 173 Complete:
   Updated: 0, Created: 0
   Session totals - Updated: 429, Created: 218

📊 Coverage: 8.7% (32,416/372,602 usable)
💤 Waiting 30s before next cycle...


🔄 CYCLE 174 STARTING...

📝 Updating 100 empty logs...
🔍 Checking 22 potential new logs...

────────────────────────────────────────
✅ Cycle 174 Complete:
   Updated: 0, Created: 0
   Session totals - Updated: 429, Created: 218

📊 Coverage: 9.6% (35,770/372,602 usable)
💤 Waiting 30s before next cycle...


🔄 CYCLE 175 STARTING...

📝 Updating 100 empty logs...
🔍 Checking 22 potential new logs...

────────────────────────────────────────
✅ Cycle 175 Complete:
   Updated: 0, Created: 0
   Session totals - Updated: 429, Created: 218

📊 Coverage: 9.8% (36,515/372,602 usable)
💤 Waiting 30s before next cycle...


🔄 CYCLE 176 STARTING...

📝 Updating 100 empty logs...
🔍 Checking 22 potential new logs...

────────────────────────────────────────
✅ Cycle 176 Complete:
   Updated: 0, Created: 0
   Session totals - Updated: 429, Created: 218

📊 Coverage: 10.2% (38,005/372,602 usable)
💤 Waiting 30s before next cycle...


🔄 CYCLE 177 STARTING...

📝 Updating 100 empty logs...
🔍 Checking 22 potential new logs...

────────────────────────────────────────
✅ Cycle 177 Complete:
   Updated: 0, Created: 0
   Session totals - Updated: 429, Created: 218

📊 Coverage: 11.8% (43,967/372,602 usable)
💤 Waiting 30s before next cycle...


🔄 CYCLE 178 STARTING...

📝 Updating 100 empty logs...
🔍 Checking 22 potential new logs...

────────────────────────────────────────
✅ Cycle 178 Complete:
   Updated: 0, Created: 0
   Session totals - Updated: 429, Created: 218

📊 Coverage: 12.1% (45,085/372,602 usable)
💤 Waiting 30s before next cycle...


🔄 CYCLE 179 STARTING...

📝 Updating 100 empty logs...
🔍 Checking 22 potential new logs...

────────────────────────────────────────
✅ Cycle 179 Complete:
   Updated: 0, Created: 0
   Session totals - Updated: 429, Created: 218

📊 Coverage: 11.2% (41,731/372,602 usable)
💤 Waiting 30s before next cycle...


🔄 CYCLE 180 STARTING...

📝 Updating 100 empty logs...
🔍 Checking 22 potential new logs...

────────────────────────────────────────
✅ Cycle 180 Complete:
   Updated: 0, Created: 0
   Session totals - Updated: 429, Created: 218

📊 Coverage: 12.4% (46,203/372,602 usable)
💤 Waiting 30s before next cycle...


🔄 CYCLE 181 STARTING...

📝 Updating 100 empty logs...
🔍 Checking 22 potential new logs...

────────────────────────────────────────
✅ Cycle 181 Complete:
   Updated: 0, Created: 0
   Session totals - Updated: 429, Created: 218

📊 Coverage: 12.1% (45,085/372,602 usable)
💤 Waiting 30s before next cycle...


🔄 CYCLE 182 STARTING...

📝 Updating 100 empty logs...
🔍 Checking 22 potential new logs...

────────────────────────────────────────
✅ Cycle 182 Complete:
   Updated: 0, Created: 0
   Session totals - Updated: 429, Created: 218

📊 Coverage: 12.1% (45,085/372,602 usable)
💤 Waiting 30s before next cycle...


🔄 CYCLE 183 STARTING...

📝 Updating 100 empty logs...
🔍 Checking 22 potential new logs...

────────────────────────────────────────
✅ Cycle 183 Complete:
   Updated: 0, Created: 0
   Session totals - Updated: 429, Created: 218

📊 Coverage: 11.5% (42,849/372,602 usable)
💤 Waiting 30s before next cycle...


🔄 CYCLE 184 STARTING...

📝 Updating 100 empty logs...
🔍 Checking 22 potential new logs...

────────────────────────────────────────
✅ Cycle 184 Complete:
   Updated: 0, Created: 0
   Session totals - Updated: 429, Created: 218

📊 Coverage: 12.4% (46,203/372,602 usable)
💤 Waiting 30s before next cycle...


🔄 CYCLE 185 STARTING...

📝 Updating 100 empty logs...
🔍 Checking 22 potential new logs...

────────────────────────────────────────
✅ Cycle 185 Complete:
   Updated: 0, Created: 0
   Session totals - Updated: 429, Created: 218

📊 Coverage: 36.6% (136,372/372,602 usable)
💤 Waiting 30s before next cycle...


🔄 CYCLE 186 STARTING...

📝 Updating 100 empty logs...
🔍 Checking 22 potential new logs...

────────────────────────────────────────
✅ Cycle 186 Complete:
   Updated: 0, Created: 0
   Session totals - Updated: 429, Created: 218

📊 Coverage: 88.7% (330,498/372,602 usable)
💤 Waiting 30s before next cycle...


🔄 CYCLE 187 STARTING...

📝 Updating 100 empty logs...
🔍 Checking 22 potential new logs...

────────────────────────────────────────
✅ Cycle 187 Complete:
   Updated: 0, Created: 0
   Session totals - Updated: 429, Created: 218

📊 Coverage: 75.8% (282,432/372,602 usable)
💤 Waiting 30s before next cycle...


🔄 CYCLE 188 STARTING...

📝 Updating 100 empty logs...
🔍 Checking 22 potential new logs...

────────────────────────────────────────
✅ Cycle 188 Complete:
   Updated: 0, Created: 0
   Session totals - Updated: 429, Created: 218

📊 Coverage: 21.8% (81,227/372,602 usable)
💤 Waiting 30s before next cycle...


🔄 CYCLE 189 STARTING...

📝 Updating 100 empty logs...
🔍 Checking 22 potential new logs...

────────────────────────────────────────
✅ Cycle 189 Complete:
   Updated: 7, Created: 0
   Session totals - Updated: 436, Created: 218

📊 Coverage: 12.5% (46,575/372,602 usable)
💤 Waiting 30s before next cycle...


🔄 CYCLE 190 STARTING...

📝 Updating 100 empty logs...
🔍 Checking 22 potential new logs...

────────────────────────────────────────
✅ Cycle 190 Complete:
   Updated: 0, Created: 0
   Session totals - Updated: 436, Created: 218

📊 Coverage: 39.0% (145,315/372,602 usable)
💤 Waiting 30s before next cycle...


🔄 CYCLE 191 STARTING...

📝 Updating 100 empty logs...
🔍 Checking 22 potential new logs...

────────────────────────────────────────
✅ Cycle 191 Complete:
   Updated: 0, Created: 0
   Session totals - Updated: 436, Created: 218

📊 Coverage: 82.4% (307,024/372,602 usable)
💤 Waiting 30s before next cycle...


🔄 CYCLE 192 STARTING...

📝 Updating 100 empty logs...
🔍 Checking 22 potential new logs...

────────────────────────────────────────
✅ Cycle 192 Complete:
   Updated: 0, Created: 0
   Session totals - Updated: 436, Created: 218

📊 Coverage: 71.2% (265,293/372,602 usable)
💤 Waiting 30s before next cycle...


🔄 CYCLE 193 STARTING...

📝 Updating 100 empty logs...
🔍 Checking 22 potential new logs...

────────────────────────────────────────
✅ Cycle 193 Complete:
   Updated: 0, Created: 0
   Session totals - Updated: 436, Created: 218

📊 Coverage: 39.6% (147,550/372,602 usable)
💤 Waiting 30s before next cycle...


🔄 CYCLE 194 STARTING...

📝 Updating 100 empty logs...
🔍 Checking 22 potential new logs...

────────────────────────────────────────
✅ Cycle 194 Complete:
   Updated: 1, Created: 0
   Session totals - Updated: 437, Created: 218

📊 Coverage: 55.5% (206,794/372,602 usable)
💤 Waiting 30s before next cycle...


🔄 CYCLE 195 STARTING...

📝 Updating 100 empty logs...
🔍 Checking 22 potential new logs...

────────────────────────────────────────
✅ Cycle 195 Complete:
   Updated: 0, Created: 0
   Session totals - Updated: 437, Created: 218

📊 Coverage: 59.3% (220,953/372,602 usable)
💤 Waiting 30s before next cycle...


🔄 CYCLE 196 STARTING...

📝 Updating 100 empty logs...
🔍 Checking 22 potential new logs...

────────────────────────────────────────
✅ Cycle 196 Complete:
   Updated: 0, Created: 0
   Session totals - Updated: 437, Created: 218

📊 Coverage: 59.2% (220,580/372,602 usable)
💤 Waiting 30s before next cycle...


🔄 CYCLE 197 STARTING...

📝 Updating 100 empty logs...
🔍 Checking 22 potential new logs...

────────────────────────────────────────
✅ Cycle 197 Complete:
   Updated: 0, Created: 0
   Session totals - Updated: 437, Created: 218

📊 Coverage: 49.2% (183,320/372,602 usable)
💤 Waiting 30s before next cycle...


🔄 CYCLE 198 STARTING...

📝 Updating 100 empty logs...
🔍 Checking 22 potential new logs...

────────────────────────────────────────
✅ Cycle 198 Complete:
   Updated: 0, Created: 0
   Session totals - Updated: 437, Created: 218

📊 Coverage: 46.1% (171,770/372,602 usable)
💤 Waiting 30s before next cycle...


🔄 CYCLE 199 STARTING...

📝 Updating 100 empty logs...
🔍 Checking 22 potential new logs...

────────────────────────────────────────
✅ Cycle 199 Complete:
   Updated: 0, Created: 0
   Session totals - Updated: 437, Created: 218

📊 Coverage: 35.6% (132,646/372,602 usable)
💤 Waiting 30s before next cycle...


🔄 CYCLE 200 STARTING...

📝 Updating 100 empty logs...
🔍 Checking 22 potential new logs...

────────────────────────────────────────
✅ Cycle 200 Complete:
   Updated: 0, Created: 0
   Session totals - Updated: 437, Created: 218

📊 Coverage: 73.5% (273,862/372,602 usable)
💤 Waiting 30s before next cycle...


🔄 CYCLE 201 STARTING...

📝 Updating 100 empty logs...
🔍 Checking 22 potential new logs...

────────────────────────────────────────
✅ Cycle 201 Complete:
   Updated: 0, Created: 0
   Session totals - Updated: 437, Created: 218

📊 Coverage: 86.4% (321,928/372,602 usable)
💤 Waiting 30s before next cycle...


🔄 CYCLE 202 STARTING...

📝 Updating 100 empty logs...
🔍 Checking 22 potential new logs...

────────────────────────────────────────
✅ Cycle 202 Complete:
   Updated: 0, Created: 0
   Session totals - Updated: 437, Created: 218

📊 Coverage: 8.3% (30,926/372,602 usable)
💤 Waiting 30s before next cycle...


🔄 CYCLE 203 STARTING...

📝 Updating 100 empty logs...
🔍 Checking 22 potential new logs...

────────────────────────────────────────
✅ Cycle 203 Complete:
   Updated: 0, Created: 0
   Session totals - Updated: 437, Created: 218

📊 Coverage: 7.8% (29,063/372,602 usable)
💤 Waiting 30s before next cycle...


🔄 CYCLE 204 STARTING...

📝 Updating 100 empty logs...
🔍 Checking 22 potential new logs...

────────────────────────────────────────
✅ Cycle 204 Complete:
   Updated: 0, Created: 0
   Session totals - Updated: 437, Created: 218

📊 Coverage: 7.3% (27,200/372,602 usable)
💤 Waiting 30s before next cycle...


🔄 CYCLE 205 STARTING...

📝 Updating 100 empty logs...
🔍 Checking 22 potential new logs...

────────────────────────────────────────
✅ Cycle 205 Complete:
   Updated: 0, Created: 0
   Session totals - Updated: 437, Created: 218

📊 Coverage: 8.7% (32,416/372,602 usable)
💤 Waiting 30s before next cycle...


🔄 CYCLE 206 STARTING...

📝 Updating 100 empty logs...
🔍 Checking 22 potential new logs...

────────────────────────────────────────
✅ Cycle 206 Complete:
   Updated: 0, Created: 0
   Session totals - Updated: 437, Created: 218

📊 Coverage: 9.6% (35,770/372,602 usable)
💤 Waiting 30s before next cycle...


🔄 CYCLE 207 STARTING...

📝 Updating 100 empty logs...
🔍 Checking 22 potential new logs...

────────────────────────────────────────
✅ Cycle 207 Complete:
   Updated: 0, Created: 0
   Session totals - Updated: 437, Created: 218

📊 Coverage: 9.8% (36,515/372,602 usable)
💤 Waiting 30s before next cycle...


🔄 CYCLE 208 STARTING...

📝 Updating 100 empty logs...
🔍 Checking 22 potential new logs...

────────────────────────────────────────
✅ Cycle 208 Complete:
   Updated: 0, Created: 0
   Session totals - Updated: 437, Created: 218

📊 Coverage: 10.2% (38,005/372,602 usable)
💤 Waiting 30s before next cycle...


🔄 CYCLE 209 STARTING...

📝 Updating 100 empty logs...
🔍 Checking 22 potential new logs...

────────────────────────────────────────
✅ Cycle 209 Complete:
   Updated: 0, Created: 0
   Session totals - Updated: 437, Created: 218

📊 Coverage: 11.8% (43,967/372,602 usable)
💤 Waiting 30s before next cycle...


🔄 CYCLE 210 STARTING...

📝 Updating 100 empty logs...
🔍 Checking 22 potential new logs...

────────────────────────────────────────
✅ Cycle 210 Complete:
   Updated: 0, Created: 0
   Session totals - Updated: 437, Created: 218

📊 Coverage: 12.1% (45,085/372,602 usable)
💤 Waiting 30s before next cycle...


🔄 CYCLE 211 STARTING...

📝 Updating 100 empty logs...
🔍 Checking 22 potential new logs...

────────────────────────────────────────
✅ Cycle 211 Complete:
   Updated: 0, Created: 0
   Session totals - Updated: 437, Created: 218

📊 Coverage: 11.2% (41,731/372,602 usable)
💤 Waiting 30s before next cycle...


🔄 CYCLE 212 STARTING...

📝 Updating 100 empty logs...
🔍 Checking 22 potential new logs...

────────────────────────────────────────
✅ Cycle 212 Complete:
   Updated: 0, Created: 0
   Session totals - Updated: 437, Created: 218

📊 Coverage: 12.4% (46,203/372,602 usable)
💤 Waiting 30s before next cycle...


🔄 CYCLE 213 STARTING...

📝 Updating 100 empty logs...
🔍 Checking 22 potential new logs...

────────────────────────────────────────
✅ Cycle 213 Complete:
   Updated: 0, Created: 0
   Session totals - Updated: 437, Created: 218

📊 Coverage: 12.1% (45,085/372,602 usable)
💤 Waiting 30s before next cycle...


🔄 CYCLE 214 STARTING...

📝 Updating 100 empty logs...
🔍 Checking 22 potential new logs...

────────────────────────────────────────
✅ Cycle 214 Complete:
   Updated: 0, Created: 0
   Session totals - Updated: 437, Created: 218

📊 Coverage: 12.1% (45,085/372,602 usable)
💤 Waiting 30s before next cycle...


🔄 CYCLE 215 STARTING...

📝 Updating 100 empty logs...
🔍 Checking 22 potential new logs...

────────────────────────────────────────
✅ Cycle 215 Complete:
   Updated: 0, Created: 0
   Session totals - Updated: 437, Created: 218

📊 Coverage: 11.5% (42,849/372,602 usable)
💤 Waiting 30s before next cycle...


🔄 CYCLE 216 STARTING...

📝 Updating 100 empty logs...
🔍 Checking 22 potential new logs...

────────────────────────────────────────
✅ Cycle 216 Complete:
   Updated: 0, Created: 0
   Session totals - Updated: 437, Created: 218

📊 Coverage: 12.4% (46,203/372,602 usable)
💤 Waiting 30s before next cycle...


🔄 CYCLE 217 STARTING...

📝 Updating 100 empty logs...
🔍 Checking 22 potential new logs...

────────────────────────────────────────
✅ Cycle 217 Complete:
   Updated: 0, Created: 0
   Session totals - Updated: 437, Created: 218

📊 Coverage: 36.6% (136,372/372,602 usable)
💤 Waiting 30s before next cycle...


🔄 CYCLE 218 STARTING...

📝 Updating 100 empty logs...
🔍 Checking 22 potential new logs...

────────────────────────────────────────
✅ Cycle 218 Complete:
   Updated: 0, Created: 0
   Session totals - Updated: 437, Created: 218

📊 Coverage: 88.7% (330,498/372,602 usable)
💤 Waiting 30s before next cycle...


🔄 CYCLE 219 STARTING...

📝 Updating 100 empty logs...
🔍 Checking 22 potential new logs...

────────────────────────────────────────
✅ Cycle 219 Complete:
   Updated: 0, Created: 0
   Session totals - Updated: 437, Created: 218

📊 Coverage: 75.8% (282,432/372,602 usable)
💤 Waiting 30s before next cycle...


🔄 CYCLE 220 STARTING...

📝 Updating 100 empty logs...
🔍 Checking 22 potential new logs...

────────────────────────────────────────
✅ Cycle 220 Complete:
   Updated: 0, Created: 0
   Session totals - Updated: 437, Created: 218

📊 Coverage: 21.8% (81,227/372,602 usable)
💤 Waiting 30s before next cycle...


🔄 CYCLE 221 STARTING...

📝 Updating 100 empty logs...
🔍 Checking 22 potential new logs...

────────────────────────────────────────
✅ Cycle 221 Complete:
   Updated: 7, Created: 0
   Session totals - Updated: 444, Created: 218

📊 Coverage: 12.5% (46,575/372,602 usable)
💤 Waiting 30s before next cycle...


🔄 CYCLE 222 STARTING...

📝 Updating 100 empty logs...
🔍 Checking 22 potential new logs...

────────────────────────────────────────
✅ Cycle 222 Complete:
   Updated: 0, Created: 0
   Session totals - Updated: 444, Created: 218

📊 Coverage: 39.0% (145,315/372,602 usable)
💤 Waiting 30s before next cycle...


🔄 CYCLE 223 STARTING...

📝 Updating 100 empty logs...
🔍 Checking 22 potential new logs...

────────────────────────────────────────
✅ Cycle 223 Complete:
   Updated: 0, Created: 0
   Session totals - Updated: 444, Created: 218

📊 Coverage: 82.4% (307,024/372,602 usable)
💤 Waiting 30s before next cycle...


🔄 CYCLE 224 STARTING...

📝 Updating 100 empty logs...
🔍 Checking 22 potential new logs...

────────────────────────────────────────
✅ Cycle 224 Complete:
   Updated: 0, Created: 0
   Session totals - Updated: 444, Created: 218

📊 Coverage: 71.2% (265,293/372,602 usable)
💤 Waiting 30s before next cycle...


🔄 CYCLE 225 STARTING...

📝 Updating 100 empty logs...
🔍 Checking 22 potential new logs...

────────────────────────────────────────
✅ Cycle 225 Complete:
   Updated: 0, Created: 0
   Session totals - Updated: 444, Created: 218

📊 Coverage: 39.6% (147,550/372,602 usable)
💤 Waiting 30s before next cycle...


🔄 CYCLE 226 STARTING...

📝 Updating 100 empty logs...
🔍 Checking 22 potential new logs...

────────────────────────────────────────
✅ Cycle 226 Complete:
   Updated: 0, Created: 0
   Session totals - Updated: 444, Created: 218

📊 Coverage: 55.5% (206,794/372,602 usable)
💤 Waiting 30s before next cycle...


🔄 CYCLE 227 STARTING...

📝 Updating 100 empty logs...
🔍 Checking 22 potential new logs...

────────────────────────────────────────
✅ Cycle 227 Complete:
   Updated: 0, Created: 0
   Session totals - Updated: 444, Created: 218

📊 Coverage: 59.3% (220,953/372,602 usable)
💤 Waiting 30s before next cycle...


🔄 CYCLE 228 STARTING...

📝 Updating 100 empty logs...
🔍 Checking 22 potential new logs...

────────────────────────────────────────
✅ Cycle 228 Complete:
   Updated: 0, Created: 0
   Session totals - Updated: 444, Created: 218

📊 Coverage: 59.2% (220,580/372,602 usable)
💤 Waiting 30s before next cycle...


🔄 CYCLE 229 STARTING...

📝 Updating 100 empty logs...
🔍 Checking 22 potential new logs...

────────────────────────────────────────
✅ Cycle 229 Complete:
   Updated: 0, Created: 0
   Session totals - Updated: 444, Created: 218

📊 Coverage: 49.2% (183,320/372,602 usable)
💤 Waiting 30s before next cycle...


🔄 CYCLE 230 STARTING...

📝 Updating 100 empty logs...
🔍 Checking 22 potential new logs...

────────────────────────────────────────
✅ Cycle 230 Complete:
   Updated: 0, Created: 0
   Session totals - Updated: 444, Created: 218

📊 Coverage: 46.1% (171,770/372,602 usable)
💤 Waiting 30s before next cycle...


🔄 CYCLE 231 STARTING...

📝 Updating 100 empty logs...
🔍 Checking 22 potential new logs...

────────────────────────────────────────
✅ Cycle 231 Complete:
   Updated: 0, Created: 0
   Session totals - Updated: 444, Created: 218

📊 Coverage: 35.6% (132,646/372,602 usable)
💤 Waiting 30s before next cycle...


🔄 CYCLE 232 STARTING...

📝 Updating 100 empty logs...
🔍 Checking 22 potential new logs...

────────────────────────────────────────
✅ Cycle 232 Complete:
   Updated: 0, Created: 0
   Session totals - Updated: 444, Created: 218

📊 Coverage: 73.5% (273,862/372,602 usable)
💤 Waiting 30s before next cycle...


🔄 CYCLE 233 STARTING...

📝 Updating 100 empty logs...
🔍 Checking 22 potential new logs...

────────────────────────────────────────
✅ Cycle 233 Complete:
   Updated: 0, Created: 0
   Session totals - Updated: 444, Created: 218

📊 Coverage: 86.7% (323,046/372,602 usable)
💤 Waiting 30s before next cycle...


🔄 CYCLE 234 STARTING...

📝 Updating 100 empty logs...
🔍 Checking 22 potential new logs...

────────────────────────────────────────
✅ Cycle 234 Complete:
   Updated: 0, Created: 0
   Session totals - Updated: 444, Created: 218

📊 Coverage: 8.3% (30,926/372,602 usable)
💤 Waiting 30s before next cycle...


🔄 CYCLE 235 STARTING...

📝 Updating 100 empty logs...
🔍 Checking 22 potential new logs...

────────────────────────────────────────
✅ Cycle 235 Complete:
   Updated: 0, Created: 0
   Session totals - Updated: 444, Created: 218

📊 Coverage: 7.8% (29,063/372,602 usable)
💤 Waiting 30s before next cycle...


🔄 CYCLE 236 STARTING...

📝 Updating 100 empty logs...
🔍 Checking 22 potential new logs...

────────────────────────────────────────
✅ Cycle 236 Complete:
   Updated: 0, Created: 0
   Session totals - Updated: 444, Created: 218

📊 Coverage: 7.3% (27,200/372,602 usable)
💤 Waiting 30s before next cycle...


🔄 CYCLE 237 STARTING...

📝 Updating 100 empty logs...
🔍 Checking 22 potential new logs...

────────────────────────────────────────
✅ Cycle 237 Complete:
   Updated: 0, Created: 0
   Session totals - Updated: 444, Created: 218

📊 Coverage: 8.7% (32,416/372,602 usable)
💤 Waiting 30s before next cycle...


🔄 CYCLE 238 STARTING...

📝 Updating 100 empty logs...
🔍 Checking 22 potential new logs...

────────────────────────────────────────
✅ Cycle 238 Complete:
   Updated: 0, Created: 0
   Session totals - Updated: 444, Created: 218

📊 Coverage: 9.6% (35,770/372,602 usable)
💤 Waiting 30s before next cycle...


🔄 CYCLE 239 STARTING...

📝 Updating 100 empty logs...
🔍 Checking 22 potential new logs...

────────────────────────────────────────
✅ Cycle 239 Complete:
   Updated: 0, Created: 0
   Session totals - Updated: 444, Created: 218

📊 Coverage: 9.8% (36,515/372,602 usable)
💤 Waiting 30s before next cycle...


🔄 CYCLE 240 STARTING...

📝 Updating 100 empty logs...
🔍 Checking 22 potential new logs...

────────────────────────────────────────
✅ Cycle 240 Complete:
   Updated: 0, Created: 0
   Session totals - Updated: 444, Created: 218

📊 Coverage: 10.2% (38,005/372,602 usable)
💤 Waiting 30s before next cycle...


🔄 CYCLE 241 STARTING...

📝 Updating 100 empty logs...
🔍 Checking 22 potential new logs...

────────────────────────────────────────
✅ Cycle 241 Complete:
   Updated: 0, Created: 0
   Session totals - Updated: 444, Created: 218

📊 Coverage: 11.8% (43,967/372,602 usable)
💤 Waiting 30s before next cycle...


🔄 CYCLE 242 STARTING...

📝 Updating 100 empty logs...
🔍 Checking 22 potential new logs...

────────────────────────────────────────
✅ Cycle 242 Complete:
   Updated: 0, Created: 0
   Session totals - Updated: 444, Created: 218

📊 Coverage: 12.1% (45,085/372,602 usable)
💤 Waiting 30s before next cycle...


🔄 CYCLE 243 STARTING...

📝 Updating 100 empty logs...
🔍 Checking 22 potential new logs...

────────────────────────────────────────
✅ Cycle 243 Complete:
   Updated: 0, Created: 0
   Session totals - Updated: 444, Created: 218

📊 Coverage: 11.2% (41,731/372,602 usable)
💤 Waiting 30s before next cycle...


🔄 CYCLE 244 STARTING...

📝 Updating 100 empty logs...
🔍 Checking 22 potential new logs...

────────────────────────────────────────
✅ Cycle 244 Complete:
   Updated: 0, Created: 0
   Session totals - Updated: 444, Created: 218

📊 Coverage: 12.4% (46,203/372,602 usable)
💤 Waiting 30s before next cycle...


🔄 CYCLE 245 STARTING...

📝 Updating 100 empty logs...
🔍 Checking 22 potential new logs...

────────────────────────────────────────
✅ Cycle 245 Complete:
   Updated: 0, Created: 0
   Session totals - Updated: 444, Created: 218

📊 Coverage: 12.1% (45,085/372,602 usable)
💤 Waiting 30s before next cycle...


🔄 CYCLE 246 STARTING...

📝 Updating 100 empty logs...
🔍 Checking 22 potential new logs...

────────────────────────────────────────
✅ Cycle 246 Complete:
   Updated: 0, Created: 0
   Session totals - Updated: 444, Created: 218

📊 Coverage: 12.1% (45,085/372,602 usable)
💤 Waiting 30s before next cycle...


🔄 CYCLE 247 STARTING...

📝 Updating 100 empty logs...
🔍 Checking 22 potential new logs...

────────────────────────────────────────
✅ Cycle 247 Complete:
   Updated: 0, Created: 0
   Session totals - Updated: 444, Created: 218

📊 Coverage: 11.5% (42,849/372,602 usable)
💤 Waiting 30s before next cycle...


🔄 CYCLE 248 STARTING...

📝 Updating 100 empty logs...
🔍 Checking 22 potential new logs...

────────────────────────────────────────
✅ Cycle 248 Complete:
   Updated: 0, Created: 0
   Session totals - Updated: 444, Created: 218

📊 Coverage: 12.4% (46,203/372,602 usable)
💤 Waiting 30s before next cycle...


🔄 CYCLE 249 STARTING...

📝 Updating 100 empty logs...
🔍 Checking 22 potential new logs...

────────────────────────────────────────
✅ Cycle 249 Complete:
   Updated: 0, Created: 0
   Session totals - Updated: 444, Created: 218

📊 Coverage: 36.6% (136,372/372,602 usable)
💤 Waiting 30s before next cycle...


🔄 CYCLE 250 STARTING...

📝 Updating 100 empty logs...
🔍 Checking 22 potential new logs...

────────────────────────────────────────
✅ Cycle 250 Complete:
   Updated: 0, Created: 0
   Session totals - Updated: 444, Created: 218

📊 Coverage: 88.7% (330,498/372,602 usable)
💤 Waiting 30s before next cycle...


🔄 CYCLE 251 STARTING...

📝 Updating 100 empty logs...
🔍 Checking 22 potential new logs...

────────────────────────────────────────
✅ Cycle 251 Complete:
   Updated: 0, Created: 0
   Session totals - Updated: 444, Created: 218

📊 Coverage: 75.8% (282,432/372,602 usable)
💤 Waiting 30s before next cycle...


🔄 CYCLE 252 STARTING...

📝 Updating 100 empty logs...
🔍 Checking 22 potential new logs...

────────────────────────────────────────
✅ Cycle 252 Complete:
   Updated: 0, Created: 0
   Session totals - Updated: 444, Created: 218

📊 Coverage: 21.8% (81,227/372,602 usable)
💤 Waiting 30s before next cycle...


🔄 CYCLE 253 STARTING...

📝 Updating 100 empty logs...
🔍 Checking 22 potential new logs...

────────────────────────────────────────
✅ Cycle 253 Complete:
   Updated: 5, Created: 0
   Session totals - Updated: 449, Created: 218

📊 Coverage: 26.5% (98,740/372,602 usable)
💤 Waiting 30s before next cycle...


🔄 CYCLE 254 STARTING...

📝 Updating 100 empty logs...
🔍 Checking 22 potential new logs...

────────────────────────────────────────
✅ Cycle 254 Complete:
   Updated: 4, Created: 0
   Session totals - Updated: 453, Created: 218

📊 Coverage: 39.0% (145,315/372,602 usable)
💤 Waiting 30s before next cycle...


🔄 CYCLE 255 STARTING...

📝 Updating 100 empty logs...
🔍 Checking 22 potential new logs...

────────────────────────────────────────
✅ Cycle 255 Complete:
   Updated: 0, Created: 0
   Session totals - Updated: 453, Created: 218

📊 Coverage: 82.4% (307,024/372,602 usable)
💤 Waiting 30s before next cycle...


🔄 CYCLE 256 STARTING...

📝 Updating 100 empty logs...
🔍 Checking 22 potential new logs...

────────────────────────────────────────
✅ Cycle 256 Complete:
   Updated: 0, Created: 0
   Session totals - Updated: 453, Created: 218

📊 Coverage: 71.2% (265,293/372,602 usable)
💤 Waiting 30s before next cycle...


🔄 CYCLE 257 STARTING...

📝 Updating 100 empty logs...
🔍 Checking 22 potential new logs...

────────────────────────────────────────
✅ Cycle 257 Complete:
   Updated: 0, Created: 0
   Session totals - Updated: 453, Created: 218

📊 Coverage: 39.6% (147,550/372,602 usable)
💤 Waiting 30s before next cycle...


🔄 CYCLE 258 STARTING...

📝 Updating 100 empty logs...
🔍 Checking 22 potential new logs...

────────────────────────────────────────
✅ Cycle 258 Complete:
   Updated: 0, Created: 0
   Session totals - Updated: 453, Created: 218

📊 Coverage: 55.5% (206,794/372,602 usable)
💤 Waiting 30s before next cycle...


🔄 CYCLE 259 STARTING...

📝 Updating 100 empty logs...
🔍 Checking 22 potential new logs...

────────────────────────────────────────
✅ Cycle 259 Complete:
   Updated: 0, Created: 0
   Session totals - Updated: 453, Created: 218

📊 Coverage: 59.3% (220,953/372,602 usable)
💤 Waiting 30s before next cycle...


🔄 CYCLE 260 STARTING...

📝 Updating 100 empty logs...
🔍 Checking 22 potential new logs...

────────────────────────────────────────
✅ Cycle 260 Complete:
   Updated: 0, Created: 0
   Session totals - Updated: 453, Created: 218

📊 Coverage: 59.2% (220,580/372,602 usable)
💤 Waiting 30s before next cycle...


🔄 CYCLE 261 STARTING...

📝 Updating 100 empty logs...
🔍 Checking 22 potential new logs...

────────────────────────────────────────
✅ Cycle 261 Complete:
   Updated: 0, Created: 0
   Session totals - Updated: 453, Created: 218

📊 Coverage: 49.2% (183,320/372,602 usable)
💤 Waiting 30s before next cycle...


🔄 CYCLE 262 STARTING...

📝 Updating 100 empty logs...
🔍 Checking 22 potential new logs...

────────────────────────────────────────
✅ Cycle 262 Complete:
   Updated: 0, Created: 0
   Session totals - Updated: 453, Created: 218

📊 Coverage: 46.1% (171,770/372,602 usable)
💤 Waiting 30s before next cycle...


🔄 CYCLE 263 STARTING...

📝 Updating 100 empty logs...
🔍 Checking 22 potential new logs...

────────────────────────────────────────
✅ Cycle 263 Complete:
   Updated: 0, Created: 0
   Session totals - Updated: 453, Created: 218

📊 Coverage: 35.6% (132,646/372,602 usable)
💤 Waiting 30s before next cycle...


🔄 CYCLE 264 STARTING...

📝 Updating 100 empty logs...
🔍 Checking 22 potential new logs...

────────────────────────────────────────
✅ Cycle 264 Complete:
   Updated: 0, Created: 0
   Session totals - Updated: 453, Created: 218

📊 Coverage: 73.5% (273,862/372,602 usable)
💤 Waiting 30s before next cycle...


🔄 CYCLE 265 STARTING...

📝 Updating 100 empty logs...
🔍 Checking 22 potential new logs...

────────────────────────────────────────
✅ Cycle 265 Complete:
   Updated: 0, Created: 0
   Session totals - Updated: 453, Created: 218

📊 Coverage: 87.4% (325,654/372,602 usable)
💤 Waiting 30s before next cycle...


🔄 CYCLE 266 STARTING...

📝 Updating 100 empty logs...
🔍 Checking 22 potential new logs...

────────────────────────────────────────
✅ Cycle 266 Complete:
   Updated: 0, Created: 0
   Session totals - Updated: 453, Created: 218

📊 Coverage: 8.3% (30,926/372,602 usable)
💤 Waiting 30s before next cycle...


🔄 CYCLE 267 STARTING...

📝 Updating 100 empty logs...
🔍 Checking 22 potential new logs...

────────────────────────────────────────
✅ Cycle 267 Complete:
   Updated: 0, Created: 0
   Session totals - Updated: 453, Created: 218

📊 Coverage: 7.8% (29,063/372,602 usable)
💤 Waiting 30s before next cycle...


🔄 CYCLE 268 STARTING...

📝 Updating 100 empty logs...
🔍 Checking 22 potential new logs...

────────────────────────────────────────
✅ Cycle 268 Complete:
   Updated: 0, Created: 0
   Session totals - Updated: 453, Created: 218

📊 Coverage: 7.3% (27,200/372,602 usable)
💤 Waiting 30s before next cycle...


🔄 CYCLE 269 STARTING...

📝 Updating 100 empty logs...
🔍 Checking 22 potential new logs...

────────────────────────────────────────
✅ Cycle 269 Complete:
   Updated: 0, Created: 0
   Session totals - Updated: 453, Created: 218

📊 Coverage: 8.7% (32,416/372,602 usable)
💤 Waiting 30s before next cycle...


🔄 CYCLE 270 STARTING...

📝 Updating 100 empty logs...
🔍 Checking 22 potential new logs...

────────────────────────────────────────
✅ Cycle 270 Complete:
   Updated: 0, Created: 0
   Session totals - Updated: 453, Created: 218

📊 Coverage: 9.6% (35,770/372,602 usable)
💤 Waiting 30s before next cycle...


🔄 CYCLE 271 STARTING...

📝 Updating 100 empty logs...
🔍 Checking 22 potential new logs...

────────────────────────────────────────
✅ Cycle 271 Complete:
   Updated: 0, Created: 0
   Session totals - Updated: 453, Created: 218

📊 Coverage: 9.8% (36,515/372,602 usable)
💤 Waiting 30s before next cycle...


🔄 CYCLE 272 STARTING...

📝 Updating 100 empty logs...
🔍 Checking 22 potential new logs...

────────────────────────────────────────
✅ Cycle 272 Complete:
   Updated: 0, Created: 0
   Session totals - Updated: 453, Created: 218

📊 Coverage: 10.2% (38,005/372,602 usable)
💤 Waiting 30s before next cycle...


🔄 CYCLE 273 STARTING...

📝 Updating 100 empty logs...
🔍 Checking 22 potential new logs...

────────────────────────────────────────
✅ Cycle 273 Complete:
   Updated: 0, Created: 0
   Session totals - Updated: 453, Created: 218

📊 Coverage: 11.8% (43,967/372,602 usable)
💤 Waiting 30s before next cycle...


🔄 CYCLE 274 STARTING...

📝 Updating 100 empty logs...
🔍 Checking 22 potential new logs...

────────────────────────────────────────
✅ Cycle 274 Complete:
   Updated: 0, Created: 0
   Session totals - Updated: 453, Created: 218

📊 Coverage: 12.1% (45,085/372,602 usable)
💤 Waiting 30s before next cycle...


🔄 CYCLE 275 STARTING...

📝 Updating 100 empty logs...
🔍 Checking 22 potential new logs...

────────────────────────────────────────
✅ Cycle 275 Complete:
   Updated: 0, Created: 0
   Session totals - Updated: 453, Created: 218

📊 Coverage: 11.2% (41,731/372,602 usable)
💤 Waiting 30s before next cycle...


🔄 CYCLE 276 STARTING...

📝 Updating 100 empty logs...
🔍 Checking 22 potential new logs...

────────────────────────────────────────
✅ Cycle 276 Complete:
   Updated: 0, Created: 0
   Session totals - Updated: 453, Created: 218

📊 Coverage: 12.4% (46,203/372,602 usable)
💤 Waiting 30s before next cycle...


🔄 CYCLE 277 STARTING...

📝 Updating 100 empty logs...
🔍 Checking 22 potential new logs...

────────────────────────────────────────
✅ Cycle 277 Complete:
   Updated: 0, Created: 0
   Session totals - Updated: 453, Created: 218

📊 Coverage: 12.1% (45,085/372,602 usable)
💤 Waiting 30s before next cycle...


🔄 CYCLE 278 STARTING...

📝 Updating 100 empty logs...
🔍 Checking 22 potential new logs...

────────────────────────────────────────
✅ Cycle 278 Complete:
   Updated: 0, Created: 0
   Session totals - Updated: 453, Created: 218

📊 Coverage: 12.1% (45,085/372,602 usable)
💤 Waiting 30s before next cycle...


🔄 CYCLE 279 STARTING...

📝 Updating 100 empty logs...
🔍 Checking 22 potential new logs...

────────────────────────────────────────
✅ Cycle 279 Complete:
   Updated: 0, Created: 0
   Session totals - Updated: 453, Created: 218

📊 Coverage: 11.5% (42,849/372,602 usable)
💤 Waiting 30s before next cycle...


🔄 CYCLE 280 STARTING...

📝 Updating 100 empty logs...
🔍 Checking 22 potential new logs...

────────────────────────────────────────
✅ Cycle 280 Complete:
   Updated: 0, Created: 0
   Session totals - Updated: 453, Created: 218

📊 Coverage: 12.4% (46,203/372,602 usable)
💤 Waiting 30s before next cycle...


🔄 CYCLE 281 STARTING...

📝 Updating 100 empty logs...
🔍 Checking 22 potential new logs...

────────────────────────────────────────
✅ Cycle 281 Complete:
   Updated: 0, Created: 0
   Session totals - Updated: 453, Created: 218

📊 Coverage: 36.6% (136,372/372,602 usable)
💤 Waiting 30s before next cycle...


🔄 CYCLE 282 STARTING...

📝 Updating 100 empty logs...
🔍 Checking 22 potential new logs...

────────────────────────────────────────
✅ Cycle 282 Complete:
   Updated: 0, Created: 0
   Session totals - Updated: 453, Created: 218

📊 Coverage: 88.7% (330,498/372,602 usable)
💤 Waiting 30s before next cycle...


🔄 CYCLE 283 STARTING...

📝 Updating 100 empty logs...
🔍 Checking 22 potential new logs...

────────────────────────────────────────
✅ Cycle 283 Complete:
   Updated: 0, Created: 0
   Session totals - Updated: 453, Created: 218

📊 Coverage: 75.8% (282,432/372,602 usable)
💤 Waiting 30s before next cycle...


🔄 CYCLE 284 STARTING...

📝 Updating 100 empty logs...
🔍 Checking 22 potential new logs...

────────────────────────────────────────
✅ Cycle 284 Complete:
   Updated: 0, Created: 0
   Session totals - Updated: 453, Created: 218

📊 Coverage: 21.8% (81,227/372,602 usable)
💤 Waiting 30s before next cycle...


🔄 CYCLE 285 STARTING...

📝 Updating 100 empty logs...
🔍 Checking 22 potential new logs...

────────────────────────────────────────
✅ Cycle 285 Complete:
   Updated: 4, Created: 0
   Session totals - Updated: 457, Created: 218

📊 Coverage: 26.5% (98,740/372,602 usable)
💤 Waiting 30s before next cycle...


🔄 CYCLE 286 STARTING...

📝 Updating 100 empty logs...
🔍 Checking 22 potential new logs...

────────────────────────────────────────
✅ Cycle 286 Complete:
   Updated: 1, Created: 0
   Session totals - Updated: 458, Created: 218

📊 Coverage: 39.0% (145,315/372,602 usable)
💤 Waiting 30s before next cycle...


🔄 CYCLE 287 STARTING...

📝 Updating 100 empty logs...
🔍 Checking 22 potential new logs...

────────────────────────────────────────
✅ Cycle 287 Complete:
   Updated: 0, Created: 0
   Session totals - Updated: 458, Created: 218

📊 Coverage: 82.4% (307,024/372,602 usable)
💤 Waiting 30s before next cycle...


🔄 CYCLE 288 STARTING...

📝 Updating 100 empty logs...
🔍 Checking 22 potential new logs...

────────────────────────────────────────
✅ Cycle 288 Complete:
   Updated: 0, Created: 0
   Session totals - Updated: 458, Created: 218

📊 Coverage: 71.2% (265,293/372,602 usable)
💤 Waiting 30s before next cycle...


🔄 CYCLE 289 STARTING...

📝 Updating 100 empty logs...
🔍 Checking 22 potential new logs...

────────────────────────────────────────
✅ Cycle 289 Complete:
   Updated: 0, Created: 0
   Session totals - Updated: 458, Created: 218

📊 Coverage: 39.6% (147,550/372,602 usable)
💤 Waiting 30s before next cycle...


🔄 CYCLE 290 STARTING...

📝 Updating 100 empty logs...
🔍 Checking 22 potential new logs...

────────────────────────────────────────
✅ Cycle 290 Complete:
   Updated: 0, Created: 0
   Session totals - Updated: 458, Created: 218

📊 Coverage: 55.5% (206,794/372,602 usable)
💤 Waiting 30s before next cycle...


🔄 CYCLE 291 STARTING...

📝 Updating 100 empty logs...
🔍 Checking 22 potential new logs...

────────────────────────────────────────
✅ Cycle 291 Complete:
   Updated: 0, Created: 0
   Session totals - Updated: 458, Created: 218

📊 Coverage: 59.3% (220,953/372,602 usable)
💤 Waiting 30s before next cycle...


🔄 CYCLE 292 STARTING...

📝 Updating 100 empty logs...
🔍 Checking 22 potential new logs...

────────────────────────────────────────
✅ Cycle 292 Complete:
   Updated: 0, Created: 0
   Session totals - Updated: 458, Created: 218

📊 Coverage: 59.2% (220,580/372,602 usable)
💤 Waiting 30s before next cycle...


🔄 CYCLE 293 STARTING...

📝 Updating 100 empty logs...
🔍 Checking 22 potential new logs...

────────────────────────────────────────
✅ Cycle 293 Complete:
   Updated: 0, Created: 0
   Session totals - Updated: 458, Created: 218

📊 Coverage: 49.2% (183,320/372,602 usable)
💤 Waiting 30s before next cycle...


🔄 CYCLE 294 STARTING...

📝 Updating 100 empty logs...
🔍 Checking 22 potential new logs...

────────────────────────────────────────
✅ Cycle 294 Complete:
   Updated: 0, Created: 0
   Session totals - Updated: 458, Created: 218

📊 Coverage: 46.1% (171,770/372,602 usable)
💤 Waiting 30s before next cycle...


🔄 CYCLE 295 STARTING...

📝 Updating 100 empty logs...
🔍 Checking 22 potential new logs...

────────────────────────────────────────
✅ Cycle 295 Complete:
   Updated: 0, Created: 0
   Session totals - Updated: 458, Created: 218

📊 Coverage: 35.6% (132,646/372,602 usable)
💤 Waiting 30s before next cycle...


🔄 CYCLE 296 STARTING...

📝 Updating 100 empty logs...
🔍 Checking 22 potential new logs...

────────────────────────────────────────
✅ Cycle 296 Complete:
   Updated: 0, Created: 0
   Session totals - Updated: 458, Created: 218

📊 Coverage: 73.5% (273,862/372,602 usable)
💤 Waiting 30s before next cycle...


🔄 CYCLE 297 STARTING...

📝 Updating 100 empty logs...
🔍 Checking 22 potential new logs...

────────────────────────────────────────
✅ Cycle 297 Complete:
   Updated: 0, Created: 0
   Session totals - Updated: 458, Created: 218

📊 Coverage: 87.4% (325,654/372,602 usable)
💤 Waiting 30s before next cycle...


🔄 CYCLE 298 STARTING...

📝 Updating 100 empty logs...
🔍 Checking 22 potential new logs...

────────────────────────────────────────
✅ Cycle 298 Complete:
   Updated: 0, Created: 0
   Session totals - Updated: 458, Created: 218

📊 Coverage: 8.3% (30,926/372,602 usable)
💤 Waiting 30s before next cycle...


🔄 CYCLE 299 STARTING...

📝 Updating 100 empty logs...
🔍 Checking 22 potential new logs...

────────────────────────────────────────
✅ Cycle 299 Complete:
   Updated: 0, Created: 0
   Session totals - Updated: 458, Created: 218

📊 Coverage: 7.8% (29,063/372,602 usable)
💤 Waiting 30s before next cycle...


🔄 CYCLE 300 STARTING...

📝 Updating 100 empty logs...
🔍 Checking 22 potential new logs...

────────────────────────────────────────
✅ Cycle 300 Complete:
   Updated: 0, Created: 0
   Session totals - Updated: 458, Created: 218

📊 Coverage: 7.3% (27,200/372,602 usable)
💤 Waiting 30s before next cycle...


🔄 CYCLE 301 STARTING...

📝 Updating 100 empty logs...
🔍 Checking 22 potential new logs...

────────────────────────────────────────
✅ Cycle 301 Complete:
   Updated: 0, Created: 0
   Session totals - Updated: 458, Created: 218

📊 Coverage: 8.7% (32,416/372,602 usable)
💤 Waiting 30s before next cycle...


🔄 CYCLE 302 STARTING...

📝 Updating 100 empty logs...
🔍 Checking 22 potential new logs...

────────────────────────────────────────
✅ Cycle 302 Complete:
   Updated: 0, Created: 0
   Session totals - Updated: 458, Created: 218

📊 Coverage: 9.6% (35,770/372,602 usable)
💤 Waiting 30s before next cycle...


🔄 CYCLE 303 STARTING...

📝 Updating 100 empty logs...
🔍 Checking 22 potential new logs...

────────────────────────────────────────
✅ Cycle 303 Complete:
   Updated: 0, Created: 0
   Session totals - Updated: 458, Created: 218

📊 Coverage: 9.8% (36,515/372,602 usable)
💤 Waiting 30s before next cycle...


🔄 CYCLE 304 STARTING...

📝 Updating 100 empty logs...
🔍 Checking 22 potential new logs...

────────────────────────────────────────
✅ Cycle 304 Complete:
   Updated: 0, Created: 0
   Session totals - Updated: 458, Created: 218

📊 Coverage: 10.2% (38,005/372,602 usable)
💤 Waiting 30s before next cycle...


🔄 CYCLE 305 STARTING...

📝 Updating 100 empty logs...
🔍 Checking 22 potential new logs...

────────────────────────────────────────
✅ Cycle 305 Complete:
   Updated: 0, Created: 0
   Session totals - Updated: 458, Created: 218

📊 Coverage: 11.8% (43,967/372,602 usable)
💤 Waiting 30s before next cycle...


🔄 CYCLE 306 STARTING...

📝 Updating 100 empty logs...
🔍 Checking 22 potential new logs...

────────────────────────────────────────
✅ Cycle 306 Complete:
   Updated: 0, Created: 0
   Session totals - Updated: 458, Created: 218

📊 Coverage: 12.1% (45,085/372,602 usable)
💤 Waiting 30s before next cycle...


🔄 CYCLE 307 STARTING...

📝 Updating 100 empty logs...
🔍 Checking 22 potential new logs...

────────────────────────────────────────
✅ Cycle 307 Complete:
   Updated: 0, Created: 0
   Session totals - Updated: 458, Created: 218

📊 Coverage: 11.2% (41,731/372,602 usable)
💤 Waiting 30s before next cycle...


🔄 CYCLE 308 STARTING...

📝 Updating 100 empty logs...
🔍 Checking 22 potential new logs...

────────────────────────────────────────
✅ Cycle 308 Complete:
   Updated: 0, Created: 0
   Session totals - Updated: 458, Created: 218

📊 Coverage: 12.4% (46,203/372,602 usable)
💤 Waiting 30s before next cycle...


🔄 CYCLE 309 STARTING...

📝 Updating 100 empty logs...
🔍 Checking 22 potential new logs...

────────────────────────────────────────
✅ Cycle 309 Complete:
   Updated: 0, Created: 0
   Session totals - Updated: 458, Created: 218

📊 Coverage: 12.1% (45,085/372,602 usable)
💤 Waiting 30s before next cycle...


🔄 CYCLE 310 STARTING...

📝 Updating 100 empty logs...
🔍 Checking 22 potential new logs...

────────────────────────────────────────
✅ Cycle 310 Complete:
   Updated: 0, Created: 0
   Session totals - Updated: 458, Created: 218

📊 Coverage: 12.1% (45,085/372,602 usable)
💤 Waiting 30s before next cycle...


🔄 CYCLE 311 STARTING...

📝 Updating 100 empty logs...
🔍 Checking 22 potential new logs...

────────────────────────────────────────
✅ Cycle 311 Complete:
   Updated: 0, Created: 0
   Session totals - Updated: 458, Created: 218

📊 Coverage: 11.5% (42,849/372,602 usable)
💤 Waiting 30s before next cycle...


🔄 CYCLE 312 STARTING...

📝 Updating 100 empty logs...
🔍 Checking 22 potential new logs...

────────────────────────────────────────
✅ Cycle 312 Complete:
   Updated: 0, Created: 0
   Session totals - Updated: 458, Created: 218

📊 Coverage: 12.4% (46,203/372,602 usable)
💤 Waiting 30s before next cycle...


🔄 CYCLE 313 STARTING...

📝 Updating 100 empty logs...
🔍 Checking 22 potential new logs...

────────────────────────────────────────
✅ Cycle 313 Complete:
   Updated: 0, Created: 0
   Session totals - Updated: 458, Created: 218

📊 Coverage: 36.6% (136,372/372,602 usable)
💤 Waiting 30s before next cycle...


🔄 CYCLE 314 STARTING...

📝 Updating 100 empty logs...
🔍 Checking 22 potential new logs...

────────────────────────────────────────
✅ Cycle 314 Complete:
   Updated: 0, Created: 0
   Session totals - Updated: 458, Created: 218

📊 Coverage: 88.7% (330,498/372,602 usable)
💤 Waiting 30s before next cycle...


🔄 CYCLE 315 STARTING...

📝 Updating 100 empty logs...
🔍 Checking 22 potential new logs...

────────────────────────────────────────
✅ Cycle 315 Complete:
   Updated: 0, Created: 0
   Session totals - Updated: 458, Created: 218

📊 Coverage: 75.8% (282,432/372,602 usable)
💤 Waiting 30s before next cycle...


🔄 CYCLE 316 STARTING...

📝 Updating 100 empty logs...
🔍 Checking 22 potential new logs...

────────────────────────────────────────
✅ Cycle 316 Complete:
   Updated: 0, Created: 0
   Session totals - Updated: 458, Created: 218

📊 Coverage: 21.8% (81,227/372,602 usable)
💤 Waiting 30s before next cycle...


🔄 CYCLE 317 STARTING...

📝 Updating 100 empty logs...
🔍 Checking 22 potential new logs...

────────────────────────────────────────
✅ Cycle 317 Complete:
   Updated: 3, Created: 0
   Session totals - Updated: 461, Created: 218

📊 Coverage: 26.5% (98,740/372,602 usable)
💤 Waiting 30s before next cycle...


🔄 CYCLE 318 STARTING...

📝 Updating 100 empty logs...
🔍 Checking 22 potential new logs...

────────────────────────────────────────
✅ Cycle 318 Complete:
   Updated: 0, Created: 0
   Session totals - Updated: 461, Created: 218

📊 Coverage: 39.0% (145,315/372,602 usable)
💤 Waiting 30s before next cycle...


🔄 CYCLE 319 STARTING...

📝 Updating 100 empty logs...
🔍 Checking 22 potential new logs...

────────────────────────────────────────
✅ Cycle 319 Complete:
   Updated: 0, Created: 0
   Session totals - Updated: 461, Created: 218

📊 Coverage: 82.4% (307,024/372,602 usable)
💤 Waiting 30s before next cycle...


🔄 CYCLE 320 STARTING...

📝 Updating 100 empty logs...
🔍 Checking 22 potential new logs...

────────────────────────────────────────
✅ Cycle 320 Complete:
   Updated: 0, Created: 0
   Session totals - Updated: 461, Created: 218

📊 Coverage: 71.2% (265,293/372,602 usable)
💤 Waiting 30s before next cycle...


🔄 CYCLE 321 STARTING...

📝 Updating 100 empty logs...
🔍 Checking 22 potential new logs...

────────────────────────────────────────
✅ Cycle 321 Complete:
   Updated: 0, Created: 0
   Session totals - Updated: 461, Created: 218

📊 Coverage: 39.6% (147,550/372,602 usable)
💤 Waiting 30s before next cycle...


🔄 CYCLE 322 STARTING...

📝 Updating 100 empty logs...
🔍 Checking 22 potential new logs...

────────────────────────────────────────
✅ Cycle 322 Complete:
   Updated: 0, Created: 0
   Session totals - Updated: 461, Created: 218

📊 Coverage: 55.5% (206,794/372,602 usable)
💤 Waiting 30s before next cycle...


🔄 CYCLE 323 STARTING...

📝 Updating 100 empty logs...
🔍 Checking 22 potential new logs...

────────────────────────────────────────
✅ Cycle 323 Complete:
   Updated: 0, Created: 0
   Session totals - Updated: 461, Created: 218

📊 Coverage: 59.3% (220,953/372,602 usable)
💤 Waiting 30s before next cycle...


🔄 CYCLE 324 STARTING...

📝 Updating 100 empty logs...
🔍 Checking 22 potential new logs...

────────────────────────────────────────
✅ Cycle 324 Complete:
   Updated: 0, Created: 0
   Session totals - Updated: 461, Created: 218

📊 Coverage: 59.2% (220,580/372,602 usable)
💤 Waiting 30s before next cycle...


🔄 CYCLE 325 STARTING...

📝 Updating 100 empty logs...
🔍 Checking 22 potential new logs...

────────────────────────────────────────
✅ Cycle 325 Complete:
   Updated: 0, Created: 0
   Session totals - Updated: 461, Created: 218

📊 Coverage: 49.2% (183,320/372,602 usable)
💤 Waiting 30s before next cycle...


🔄 CYCLE 326 STARTING...

📝 Updating 100 empty logs...
🔍 Checking 22 potential new logs...

────────────────────────────────────────
✅ Cycle 326 Complete:
   Updated: 0, Created: 0
   Session totals - Updated: 461, Created: 218

📊 Coverage: 46.1% (171,770/372,602 usable)
💤 Waiting 30s before next cycle...


🔄 CYCLE 327 STARTING...

📝 Updating 100 empty logs...
🔍 Checking 22 potential new logs...

────────────────────────────────────────
✅ Cycle 327 Complete:
   Updated: 0, Created: 0
   Session totals - Updated: 461, Created: 218

📊 Coverage: 35.6% (132,646/372,602 usable)
💤 Waiting 30s before next cycle...


🔄 CYCLE 328 STARTING...

📝 Updating 100 empty logs...
🔍 Checking 22 potential new logs...

────────────────────────────────────────
✅ Cycle 328 Complete:
   Updated: 0, Created: 0
   Session totals - Updated: 461, Created: 218

📊 Coverage: 73.5% (273,862/372,602 usable)
💤 Waiting 30s before next cycle...


🔄 CYCLE 329 STARTING...

📝 Updating 100 empty logs...
🔍 Checking 22 potential new logs...

────────────────────────────────────────
✅ Cycle 329 Complete:
   Updated: 0, Created: 0
   Session totals - Updated: 461, Created: 218

📊 Coverage: 87.5% (326,027/372,602 usable)
💤 Waiting 30s before next cycle...


🔄 CYCLE 330 STARTING...

📝 Updating 100 empty logs...
🔍 Checking 22 potential new logs...

────────────────────────────────────────
✅ Cycle 330 Complete:
   Updated: 0, Created: 0
   Session totals - Updated: 461, Created: 218

📊 Coverage: 8.3% (30,926/372,602 usable)
💤 Waiting 30s before next cycle...


🔄 CYCLE 331 STARTING...

📝 Updating 100 empty logs...
🔍 Checking 22 potential new logs...

────────────────────────────────────────
✅ Cycle 331 Complete:
   Updated: 0, Created: 0
   Session totals - Updated: 461, Created: 218

📊 Coverage: 7.8% (29,063/372,602 usable)
💤 Waiting 30s before next cycle...


🔄 CYCLE 332 STARTING...

📝 Updating 100 empty logs...
🔍 Checking 22 potential new logs...

────────────────────────────────────────
✅ Cycle 332 Complete:
   Updated: 0, Created: 0
   Session totals - Updated: 461, Created: 218

📊 Coverage: 7.3% (27,200/372,602 usable)
💤 Waiting 30s before next cycle...


🔄 CYCLE 333 STARTING...

📝 Updating 100 empty logs...
🔍 Checking 22 potential new logs...

────────────────────────────────────────
✅ Cycle 333 Complete:
   Updated: 0, Created: 0
   Session totals - Updated: 461, Created: 218

📊 Coverage: 8.7% (32,416/372,602 usable)
💤 Waiting 30s before next cycle...


🔄 CYCLE 334 STARTING...

📝 Updating 100 empty logs...
🔍 Checking 22 potential new logs...

────────────────────────────────────────
✅ Cycle 334 Complete:
   Updated: 0, Created: 0
   Session totals - Updated: 461, Created: 218

📊 Coverage: 9.6% (35,770/372,602 usable)
💤 Waiting 30s before next cycle...


🔄 CYCLE 335 STARTING...

📝 Updating 100 empty logs...
🔍 Checking 22 potential new logs...

────────────────────────────────────────
✅ Cycle 335 Complete:
   Updated: 0, Created: 0
   Session totals - Updated: 461, Created: 218

📊 Coverage: 9.8% (36,515/372,602 usable)
💤 Waiting 30s before next cycle...


🔄 CYCLE 336 STARTING...

📝 Updating 100 empty logs...
🔍 Checking 22 potential new logs...

────────────────────────────────────────
✅ Cycle 336 Complete:
   Updated: 0, Created: 0
   Session totals - Updated: 461, Created: 218

📊 Coverage: 10.2% (38,005/372,602 usable)
💤 Waiting 30s before next cycle...


🔄 CYCLE 337 STARTING...

📝 Updating 100 empty logs...
🔍 Checking 22 potential new logs...

────────────────────────────────────────
✅ Cycle 337 Complete:
   Updated: 0, Created: 0
   Session totals - Updated: 461, Created: 218

📊 Coverage: 11.8% (43,967/372,602 usable)
💤 Waiting 30s before next cycle...


🔄 CYCLE 338 STARTING...

📝 Updating 100 empty logs...
🔍 Checking 22 potential new logs...

────────────────────────────────────────
✅ Cycle 338 Complete:
   Updated: 0, Created: 0
   Session totals - Updated: 461, Created: 218

📊 Coverage: 12.1% (45,085/372,602 usable)
💤 Waiting 30s before next cycle...


🔄 CYCLE 339 STARTING...

📝 Updating 100 empty logs...
🔍 Checking 22 potential new logs...

────────────────────────────────────────
✅ Cycle 339 Complete:
   Updated: 0, Created: 0
   Session totals - Updated: 461, Created: 218

📊 Coverage: 11.2% (41,731/372,602 usable)
💤 Waiting 30s before next cycle...


🔄 CYCLE 340 STARTING...

📝 Updating 100 empty logs...
🔍 Checking 22 potential new logs...

────────────────────────────────────────
✅ Cycle 340 Complete:
   Updated: 0, Created: 0
   Session totals - Updated: 461, Created: 218

📊 Coverage: 12.4% (46,203/372,602 usable)
💤 Waiting 30s before next cycle...


🔄 CYCLE 341 STARTING...

📝 Updating 100 empty logs...
🔍 Checking 22 potential new logs...

────────────────────────────────────────
✅ Cycle 341 Complete:
   Updated: 0, Created: 0
   Session totals - Updated: 461, Created: 218

📊 Coverage: 12.1% (45,085/372,602 usable)
💤 Waiting 30s before next cycle...


🔄 CYCLE 342 STARTING...

📝 Updating 100 empty logs...
🔍 Checking 22 potential new logs...

────────────────────────────────────────
✅ Cycle 342 Complete:
   Updated: 0, Created: 0
   Session totals - Updated: 461, Created: 218

📊 Coverage: 12.1% (45,085/372,602 usable)
💤 Waiting 30s before next cycle...


🔄 CYCLE 343 STARTING...

📝 Updating 100 empty logs...
🔍 Checking 22 potential new logs...

────────────────────────────────────────
✅ Cycle 343 Complete:
   Updated: 0, Created: 0
   Session totals - Updated: 461, Created: 218

📊 Coverage: 11.5% (42,849/372,602 usable)
💤 Waiting 30s before next cycle...


🔄 CYCLE 344 STARTING...

📝 Updating 100 empty logs...
🔍 Checking 22 potential new logs...

────────────────────────────────────────
✅ Cycle 344 Complete:
   Updated: 0, Created: 0
   Session totals - Updated: 461, Created: 218

📊 Coverage: 12.4% (46,203/372,602 usable)
💤 Waiting 30s before next cycle...


🔄 CYCLE 345 STARTING...

📝 Updating 100 empty logs...
🔍 Checking 22 potential new logs...

────────────────────────────────────────
✅ Cycle 345 Complete:
   Updated: 0, Created: 0
   Session totals - Updated: 461, Created: 218

📊 Coverage: 36.6% (136,372/372,602 usable)
💤 Waiting 30s before next cycle...


🔄 CYCLE 346 STARTING...

📝 Updating 100 empty logs...
🔍 Checking 22 potential new logs...

────────────────────────────────────────
✅ Cycle 346 Complete:
   Updated: 0, Created: 0
   Session totals - Updated: 461, Created: 218

📊 Coverage: 88.7% (330,498/372,602 usable)
💤 Waiting 30s before next cycle...


🔄 CYCLE 347 STARTING...

📝 Updating 100 empty logs...
🔍 Checking 22 potential new logs...

────────────────────────────────────────
✅ Cycle 347 Complete:
   Updated: 0, Created: 0
   Session totals - Updated: 461, Created: 218

📊 Coverage: 75.8% (282,432/372,602 usable)
💤 Waiting 30s before next cycle...


🔄 CYCLE 348 STARTING...

📝 Updating 100 empty logs...
🔍 Checking 22 potential new logs...

────────────────────────────────────────
✅ Cycle 348 Complete:
   Updated: 0, Created: 0
   Session totals - Updated: 461, Created: 218

📊 Coverage: 21.8% (81,227/372,602 usable)
💤 Waiting 30s before next cycle...


🔄 CYCLE 349 STARTING...

📝 Updating 100 empty logs...
🔍 Checking 22 potential new logs...

────────────────────────────────────────
✅ Cycle 349 Complete:
   Updated: 1, Created: 0
   Session totals - Updated: 462, Created: 218

📊 Coverage: 26.5% (98,740/372,602 usable)
💤 Waiting 30s before next cycle...


🔄 CYCLE 350 STARTING...

📝 Updating 100 empty logs...
🔍 Checking 22 potential new logs...

────────────────────────────────────────
✅ Cycle 350 Complete:
   Updated: 0, Created: 0
   Session totals - Updated: 462, Created: 218

📊 Coverage: 39.0% (145,315/372,602 usable)
💤 Waiting 30s before next cycle...


🔄 CYCLE 351 STARTING...

📝 Updating 100 empty logs...
🔍 Checking 22 potential new logs...

────────────────────────────────────────
✅ Cycle 351 Complete:
   Updated: 0, Created: 0
   Session totals - Updated: 462, Created: 218

📊 Coverage: 82.4% (307,024/372,602 usable)
💤 Waiting 30s before next cycle...


🔄 CYCLE 352 STARTING...

📝 Updating 100 empty logs...
🔍 Checking 22 potential new logs...

────────────────────────────────────────
✅ Cycle 352 Complete:
   Updated: 0, Created: 0
   Session totals - Updated: 462, Created: 218

📊 Coverage: 71.2% (265,293/372,602 usable)
💤 Waiting 30s before next cycle...


🔄 CYCLE 353 STARTING...

📝 Updating 100 empty logs...
🔍 Checking 22 potential new logs...

────────────────────────────────────────
✅ Cycle 353 Complete:
   Updated: 0, Created: 0
   Session totals - Updated: 462, Created: 218

📊 Coverage: 39.6% (147,550/372,602 usable)
💤 Waiting 30s before next cycle...


🔄 CYCLE 354 STARTING...

📝 Updating 100 empty logs...
🔍 Checking 22 potential new logs...

────────────────────────────────────────
✅ Cycle 354 Complete:
   Updated: 0, Created: 0
   Session totals - Updated: 462, Created: 218

📊 Coverage: 55.5% (206,794/372,602 usable)
💤 Waiting 30s before next cycle...


🔄 CYCLE 355 STARTING...

📝 Updating 100 empty logs...
🔍 Checking 22 potential new logs...

────────────────────────────────────────
✅ Cycle 355 Complete:
   Updated: 0, Created: 0
   Session totals - Updated: 462, Created: 218

📊 Coverage: 59.3% (220,953/372,602 usable)
💤 Waiting 30s before next cycle...


🔄 CYCLE 356 STARTING...

📝 Updating 100 empty logs...
🔍 Checking 22 potential new logs...

────────────────────────────────────────
✅ Cycle 356 Complete:
   Updated: 0, Created: 0
   Session totals - Updated: 462, Created: 218

📊 Coverage: 59.2% (220,580/372,602 usable)
💤 Waiting 30s before next cycle...


🔄 CYCLE 357 STARTING...

📝 Updating 100 empty logs...
🔍 Checking 22 potential new logs...

────────────────────────────────────────
✅ Cycle 357 Complete:
   Updated: 0, Created: 0
   Session totals - Updated: 462, Created: 218

📊 Coverage: 49.2% (183,320/372,602 usable)
💤 Waiting 30s before next cycle...


🔄 CYCLE 358 STARTING...

📝 Updating 100 empty logs...
🔍 Checking 22 potential new logs...

────────────────────────────────────────
✅ Cycle 358 Complete:
   Updated: 0, Created: 0
   Session totals - Updated: 462, Created: 218

📊 Coverage: 46.1% (171,770/372,602 usable)
💤 Waiting 30s before next cycle...


🔄 CYCLE 359 STARTING...

📝 Updating 100 empty logs...
🔍 Checking 22 potential new logs...

────────────────────────────────────────
✅ Cycle 359 Complete:
   Updated: 0, Created: 0
   Session totals - Updated: 462, Created: 218

📊 Coverage: 35.6% (132,646/372,602 usable)
💤 Waiting 30s before next cycle...


🔄 CYCLE 360 STARTING...

📝 Updating 100 empty logs...
🔍 Checking 22 potential new logs...

────────────────────────────────────────
✅ Cycle 360 Complete:
   Updated: 0, Created: 0
   Session totals - Updated: 462, Created: 218

📊 Coverage: 73.5% (273,862/372,602 usable)
💤 Waiting 30s before next cycle...


🔄 CYCLE 361 STARTING...

📝 Updating 100 empty logs...
🔍 Checking 22 potential new logs...

────────────────────────────────────────
✅ Cycle 361 Complete:
   Updated: 0, Created: 0
   Session totals - Updated: 462, Created: 218

📊 Coverage: 87.6% (326,399/372,602 usable)
💤 Waiting 30s before next cycle...


🔄 CYCLE 362 STARTING...

📝 Updating 100 empty logs...
🔍 Checking 22 potential new logs...

────────────────────────────────────────
✅ Cycle 362 Complete:
   Updated: 0, Created: 0
   Session totals - Updated: 462, Created: 218

📊 Coverage: 8.3% (30,926/372,602 usable)
💤 Waiting 30s before next cycle...


🔄 CYCLE 363 STARTING...

📝 Updating 100 empty logs...
🔍 Checking 22 potential new logs...

────────────────────────────────────────
✅ Cycle 363 Complete:
   Updated: 0, Created: 0
   Session totals - Updated: 462, Created: 218

📊 Coverage: 7.8% (29,063/372,602 usable)
💤 Waiting 30s before next cycle...


🔄 CYCLE 364 STARTING...

📝 Updating 100 empty logs...
🔍 Checking 22 potential new logs...

────────────────────────────────────────
✅ Cycle 364 Complete:
   Updated: 0, Created: 0
   Session totals - Updated: 462, Created: 218

📊 Coverage: 7.3% (27,200/372,602 usable)
💤 Waiting 30s before next cycle...


🔄 CYCLE 365 STARTING...

📝 Updating 100 empty logs...
🔍 Checking 22 potential new logs...

────────────────────────────────────────
✅ Cycle 365 Complete:
   Updated: 0, Created: 0
   Session totals - Updated: 462, Created: 218

📊 Coverage: 8.7% (32,416/372,602 usable)
💤 Waiting 30s before next cycle...


🔄 CYCLE 366 STARTING...

📝 Updating 100 empty logs...
🔍 Checking 22 potential new logs...

────────────────────────────────────────
✅ Cycle 366 Complete:
   Updated: 0, Created: 0
   Session totals - Updated: 462, Created: 218

📊 Coverage: 9.6% (35,770/372,602 usable)
💤 Waiting 30s before next cycle...


🔄 CYCLE 367 STARTING...

📝 Updating 100 empty logs...
🔍 Checking 22 potential new logs...

────────────────────────────────────────
✅ Cycle 367 Complete:
   Updated: 0, Created: 0
   Session totals - Updated: 462, Created: 218

📊 Coverage: 9.8% (36,515/372,602 usable)
💤 Waiting 30s before next cycle...


🔄 CYCLE 368 STARTING...

📝 Updating 100 empty logs...
🔍 Checking 22 potential new logs...

────────────────────────────────────────
✅ Cycle 368 Complete:
   Updated: 0, Created: 0
   Session totals - Updated: 462, Created: 218

📊 Coverage: 10.2% (38,005/372,602 usable)
💤 Waiting 30s before next cycle...


🔄 CYCLE 369 STARTING...

📝 Updating 100 empty logs...
🔍 Checking 22 potential new logs...

────────────────────────────────────────
✅ Cycle 369 Complete:
   Updated: 0, Created: 0
   Session totals - Updated: 462, Created: 218

📊 Coverage: 11.8% (43,967/372,602 usable)
💤 Waiting 30s before next cycle...


🔄 CYCLE 370 STARTING...

📝 Updating 100 empty logs...
🔍 Checking 22 potential new logs...

────────────────────────────────────────
✅ Cycle 370 Complete:
   Updated: 0, Created: 0
   Session totals - Updated: 462, Created: 218

📊 Coverage: 12.1% (45,085/372,602 usable)
💤 Waiting 30s before next cycle...


🔄 CYCLE 371 STARTING...

📝 Updating 100 empty logs...
🔍 Checking 22 potential new logs...

────────────────────────────────────────
✅ Cycle 371 Complete:
   Updated: 0, Created: 0
   Session totals - Updated: 462, Created: 218

📊 Coverage: 11.2% (41,731/372,602 usable)
💤 Waiting 30s before next cycle...


🔄 CYCLE 372 STARTING...

📝 Updating 100 empty logs...
🔍 Checking 22 potential new logs...

────────────────────────────────────────
✅ Cycle 372 Complete:
   Updated: 0, Created: 0
   Session totals - Updated: 462, Created: 218

📊 Coverage: 12.4% (46,203/372,602 usable)
💤 Waiting 30s before next cycle...


🔄 CYCLE 373 STARTING...

📝 Updating 100 empty logs...
🔍 Checking 22 potential new logs...

────────────────────────────────────────
✅ Cycle 373 Complete:
   Updated: 0, Created: 0
   Session totals - Updated: 462, Created: 218

📊 Coverage: 12.1% (45,085/372,602 usable)
💤 Waiting 30s before next cycle...


🔄 CYCLE 374 STARTING...

📝 Updating 100 empty logs...
🔍 Checking 22 potential new logs...

────────────────────────────────────────
✅ Cycle 374 Complete:
   Updated: 0, Created: 0
   Session totals - Updated: 462, Created: 218

📊 Coverage: 12.1% (45,085/372,602 usable)
💤 Waiting 30s before next cycle...


🔄 CYCLE 375 STARTING...

📝 Updating 100 empty logs...
🔍 Checking 22 potential new logs...

────────────────────────────────────────
✅ Cycle 375 Complete:
   Updated: 0, Created: 0
   Session totals - Updated: 462, Created: 218

📊 Coverage: 11.5% (42,849/372,602 usable)
💤 Waiting 30s before next cycle...


🔄 CYCLE 376 STARTING...

📝 Updating 100 empty logs...
🔍 Checking 22 potential new logs...

────────────────────────────────────────
✅ Cycle 376 Complete:
   Updated: 0, Created: 0
   Session totals - Updated: 462, Created: 218

📊 Coverage: 12.4% (46,203/372,602 usable)
💤 Waiting 30s before next cycle...


🔄 CYCLE 377 STARTING...

📝 Updating 100 empty logs...
🔍 Checking 22 potential new logs...

────────────────────────────────────────
✅ Cycle 377 Complete:
   Updated: 0, Created: 0
   Session totals - Updated: 462, Created: 218

📊 Coverage: 36.6% (136,372/372,602 usable)
💤 Waiting 30s before next cycle...


🔄 CYCLE 378 STARTING...

📝 Updating 100 empty logs...
🔍 Checking 22 potential new logs...

────────────────────────────────────────
✅ Cycle 378 Complete:
   Updated: 0, Created: 0
   Session totals - Updated: 462, Created: 218

📊 Coverage: 88.7% (330,498/372,602 usable)
💤 Waiting 30s before next cycle...


🔄 CYCLE 379 STARTING...

📝 Updating 100 empty logs...
🔍 Checking 22 potential new logs...

────────────────────────────────────────
✅ Cycle 379 Complete:
   Updated: 0, Created: 0
   Session totals - Updated: 462, Created: 218

📊 Coverage: 75.8% (282,432/372,602 usable)
💤 Waiting 30s before next cycle...


🔄 CYCLE 380 STARTING...

📝 Updating 100 empty logs...
🔍 Checking 22 potential new logs...

────────────────────────────────────────
✅ Cycle 380 Complete:
   Updated: 0, Created: 0
   Session totals - Updated: 462, Created: 218

📊 Coverage: 21.8% (81,227/372,602 usable)
💤 Waiting 30s before next cycle...


🔄 CYCLE 381 STARTING...

📝 Updating 100 empty logs...
🔍 Checking 22 potential new logs...

────────────────────────────────────────
✅ Cycle 381 Complete:
   Updated: 0, Created: 0
   Session totals - Updated: 462, Created: 218

📊 Coverage: 26.5% (98,740/372,602 usable)
💤 Waiting 30s before next cycle...


🔄 CYCLE 382 STARTING...

📝 Updating 100 empty logs...
🔍 Checking 22 potential new logs...

────────────────────────────────────────
✅ Cycle 382 Complete:
   Updated: 0, Created: 0
   Session totals - Updated: 462, Created: 218

📊 Coverage: 39.0% (145,315/372,602 usable)
💤 Waiting 30s before next cycle...


🔄 CYCLE 383 STARTING...

📝 Updating 100 empty logs...
🔍 Checking 22 potential new logs...

────────────────────────────────────────
✅ Cycle 383 Complete:
   Updated: 0, Created: 0
   Session totals - Updated: 462, Created: 218

📊 Coverage: 82.4% (307,024/372,602 usable)
💤 Waiting 30s before next cycle...


🔄 CYCLE 384 STARTING...

📝 Updating 100 empty logs...
🔍 Checking 22 potential new logs...

────────────────────────────────────────
✅ Cycle 384 Complete:
   Updated: 0, Created: 0
   Session totals - Updated: 462, Created: 218

📊 Coverage: 71.2% (265,293/372,602 usable)
💤 Waiting 30s before next cycle...


🔄 CYCLE 385 STARTING...

📝 Updating 100 empty logs...
🔍 Checking 22 potential new logs...

────────────────────────────────────────
✅ Cycle 385 Complete:
   Updated: 0, Created: 0
   Session totals - Updated: 462, Created: 218

📊 Coverage: 39.6% (147,550/372,602 usable)
💤 Waiting 30s before next cycle...


🔄 CYCLE 386 STARTING...

📝 Updating 100 empty logs...
🔍 Checking 22 potential new logs...

────────────────────────────────────────
✅ Cycle 386 Complete:
   Updated: 0, Created: 0
   Session totals - Updated: 462, Created: 218

📊 Coverage: 55.5% (206,794/372,602 usable)
💤 Waiting 30s before next cycle...


🔄 CYCLE 387 STARTING...

📝 Updating 100 empty logs...
🔍 Checking 22 potential new logs...

────────────────────────────────────────
✅ Cycle 387 Complete:
   Updated: 0, Created: 0
   Session totals - Updated: 462, Created: 218

📊 Coverage: 59.3% (220,953/372,602 usable)
💤 Waiting 30s before next cycle...


🔄 CYCLE 388 STARTING...

📝 Updating 100 empty logs...
🔍 Checking 22 potential new logs...

────────────────────────────────────────
✅ Cycle 388 Complete:
   Updated: 0, Created: 0
   Session totals - Updated: 462, Created: 218

📊 Coverage: 59.2% (220,580/372,602 usable)
💤 Waiting 30s before next cycle...


🔄 CYCLE 389 STARTING...

📝 Updating 100 empty logs...
🔍 Checking 22 potential new logs...

────────────────────────────────────────
✅ Cycle 389 Complete:
   Updated: 0, Created: 0
   Session totals - Updated: 462, Created: 218

📊 Coverage: 49.2% (183,320/372,602 usable)
💤 Waiting 30s before next cycle...


🔄 CYCLE 390 STARTING...

📝 Updating 100 empty logs...
🔍 Checking 22 potential new logs...

────────────────────────────────────────
✅ Cycle 390 Complete:
   Updated: 0, Created: 0
   Session totals - Updated: 462, Created: 218

📊 Coverage: 46.1% (171,770/372,602 usable)
💤 Waiting 30s before next cycle...


🔄 CYCLE 391 STARTING...

📝 Updating 100 empty logs...
🔍 Checking 22 potential new logs...

────────────────────────────────────────
✅ Cycle 391 Complete:
   Updated: 0, Created: 0
   Session totals - Updated: 462, Created: 218

📊 Coverage: 35.6% (132,646/372,602 usable)
💤 Waiting 30s before next cycle...


🔄 CYCLE 392 STARTING...

📝 Updating 100 empty logs...
🔍 Checking 22 potential new logs...

────────────────────────────────────────
✅ Cycle 392 Complete:
   Updated: 0, Created: 0
   Session totals - Updated: 462, Created: 218

📊 Coverage: 73.5% (273,862/372,602 usable)
💤 Waiting 30s before next cycle...


🔄 CYCLE 393 STARTING...

📝 Updating 100 empty logs...
🔍 Checking 22 potential new logs...

────────────────────────────────────────
✅ Cycle 393 Complete:
   Updated: 0, Created: 0
   Session totals - Updated: 462, Created: 218

📊 Coverage: 87.6% (326,399/372,602 usable)
💤 Waiting 30s before next cycle...


🔄 CYCLE 394 STARTING...

📝 Updating 100 empty logs...
🔍 Checking 22 potential new logs...

────────────────────────────────────────
✅ Cycle 394 Complete:
   Updated: 0, Created: 0
   Session totals - Updated: 462, Created: 218

📊 Coverage: 8.3% (30,926/372,602 usable)
💤 Waiting 30s before next cycle...


🔄 CYCLE 395 STARTING...

📝 Updating 100 empty logs...
🔍 Checking 22 potential new logs...

────────────────────────────────────────
✅ Cycle 395 Complete:
   Updated: 0, Created: 0
   Session totals - Updated: 462, Created: 218

📊 Coverage: 7.8% (29,063/372,602 usable)
💤 Waiting 30s before next cycle...


🔄 CYCLE 396 STARTING...

📝 Updating 100 empty logs...
🔍 Checking 22 potential new logs...

────────────────────────────────────────
✅ Cycle 396 Complete:
   Updated: 0, Created: 0
   Session totals - Updated: 462, Created: 218

📊 Coverage: 7.3% (27,200/372,602 usable)
💤 Waiting 30s before next cycle...


🔄 CYCLE 397 STARTING...

📝 Updating 100 empty logs...
🔍 Checking 22 potential new logs...

────────────────────────────────────────
✅ Cycle 397 Complete:
   Updated: 0, Created: 0
   Session totals - Updated: 462, Created: 218

📊 Coverage: 8.7% (32,416/372,602 usable)
💤 Waiting 30s before next cycle...


🔄 CYCLE 398 STARTING...

📝 Updating 100 empty logs...
🔍 Checking 22 potential new logs...

────────────────────────────────────────
✅ Cycle 398 Complete:
   Updated: 0, Created: 0
   Session totals - Updated: 462, Created: 218

📊 Coverage: 9.6% (35,770/372,602 usable)
💤 Waiting 30s before next cycle...


🔄 CYCLE 399 STARTING...

📝 Updating 100 empty logs...
🔍 Checking 22 potential new logs...

────────────────────────────────────────
✅ Cycle 399 Complete:
   Updated: 0, Created: 0
   Session totals - Updated: 462, Created: 218

📊 Coverage: 9.8% (36,515/372,602 usable)
💤 Waiting 30s before next cycle...


🔄 CYCLE 400 STARTING...

📝 Updating 100 empty logs...
🔍 Checking 22 potential new logs...

────────────────────────────────────────
✅ Cycle 400 Complete:
   Updated: 0, Created: 0
   Session totals - Updated: 462, Created: 218

📊 Coverage: 10.2% (38,005/372,602 usable)
💤 Waiting 30s before next cycle...


🔄 CYCLE 401 STARTING...

📝 Updating 100 empty logs...
🔍 Checking 22 potential new logs...

────────────────────────────────────────
✅ Cycle 401 Complete:
   Updated: 0, Created: 0
   Session totals - Updated: 462, Created: 218

📊 Coverage: 11.8% (43,967/372,602 usable)
💤 Waiting 30s before next cycle...


🔄 CYCLE 402 STARTING...

📝 Updating 100 empty logs...
🔍 Checking 22 potential new logs...

────────────────────────────────────────
✅ Cycle 402 Complete:
   Updated: 0, Created: 0
   Session totals - Updated: 462, Created: 218

📊 Coverage: 12.1% (45,085/372,602 usable)
💤 Waiting 30s before next cycle...


🔄 CYCLE 403 STARTING...

📝 Updating 100 empty logs...
🔍 Checking 22 potential new logs...

────────────────────────────────────────
✅ Cycle 403 Complete:
   Updated: 0, Created: 0
   Session totals - Updated: 462, Created: 218

📊 Coverage: 11.2% (41,731/372,602 usable)
💤 Waiting 30s before next cycle...


🔄 CYCLE 404 STARTING...

📝 Updating 100 empty logs...
🔍 Checking 22 potential new logs...

────────────────────────────────────────
✅ Cycle 404 Complete:
   Updated: 0, Created: 0
   Session totals - Updated: 462, Created: 218

📊 Coverage: 12.4% (46,203/372,602 usable)
💤 Waiting 30s before next cycle...


🔄 CYCLE 405 STARTING...

📝 Updating 100 empty logs...
🔍 Checking 22 potential new logs...

────────────────────────────────────────
✅ Cycle 405 Complete:
   Updated: 0, Created: 0
   Session totals - Updated: 462, Created: 218

📊 Coverage: 12.1% (45,085/372,602 usable)
💤 Waiting 30s before next cycle...


🔄 CYCLE 406 STARTING...

📝 Updating 100 empty logs...
🔍 Checking 22 potential new logs...

────────────────────────────────────────
✅ Cycle 406 Complete:
   Updated: 0, Created: 0
   Session totals - Updated: 462, Created: 218

📊 Coverage: 12.1% (45,085/372,602 usable)
💤 Waiting 30s before next cycle...


🔄 CYCLE 407 STARTING...

📝 Updating 100 empty logs...
🔍 Checking 22 potential new logs...

────────────────────────────────────────
✅ Cycle 407 Complete:
   Updated: 0, Created: 0
   Session totals - Updated: 462, Created: 218

📊 Coverage: 11.5% (42,849/372,602 usable)
💤 Waiting 30s before next cycle...


🔄 CYCLE 408 STARTING...

📝 Updating 100 empty logs...
🔍 Checking 22 potential new logs...

────────────────────────────────────────
✅ Cycle 408 Complete:
   Updated: 0, Created: 0
   Session totals - Updated: 462, Created: 218

📊 Coverage: 12.4% (46,203/372,602 usable)
💤 Waiting 30s before next cycle...


🔄 CYCLE 409 STARTING...

📝 Updating 100 empty logs...
🔍 Checking 22 potential new logs...

────────────────────────────────────────
✅ Cycle 409 Complete:
   Updated: 0, Created: 0
   Session totals - Updated: 462, Created: 218

📊 Coverage: 36.6% (136,372/372,602 usable)
💤 Waiting 30s before next cycle...


🔄 CYCLE 410 STARTING...

📝 Updating 100 empty logs...
🔍 Checking 22 potential new logs...

────────────────────────────────────────
✅ Cycle 410 Complete:
   Updated: 0, Created: 0
   Session totals - Updated: 462, Created: 218

📊 Coverage: 88.7% (330,498/372,602 usable)
💤 Waiting 30s before next cycle...


🔄 CYCLE 411 STARTING...

📝 Updating 100 empty logs...
🔍 Checking 22 potential new logs...

────────────────────────────────────────
✅ Cycle 411 Complete:
   Updated: 0, Created: 0
   Session totals - Updated: 462, Created: 218

📊 Coverage: 75.8% (282,432/372,602 usable)
💤 Waiting 30s before next cycle...


🔄 CYCLE 412 STARTING...

📝 Updating 100 empty logs...
🔍 Checking 22 potential new logs...

────────────────────────────────────────
✅ Cycle 412 Complete:
   Updated: 0, Created: 0
   Session totals - Updated: 462, Created: 218

📊 Coverage: 21.8% (81,227/372,602 usable)
💤 Waiting 30s before next cycle...


🔄 CYCLE 413 STARTING...

📝 Updating 100 empty logs...
🔍 Checking 22 potential new logs...

────────────────────────────────────────
✅ Cycle 413 Complete:
   Updated: 0, Created: 0
   Session totals - Updated: 462, Created: 218

📊 Coverage: 26.5% (98,740/372,602 usable)
💤 Waiting 30s before next cycle...


🔄 CYCLE 414 STARTING...

📝 Updating 100 empty logs...
🔍 Checking 22 potential new logs...

────────────────────────────────────────
✅ Cycle 414 Complete:
   Updated: 0, Created: 0
   Session totals - Updated: 462, Created: 218

📊 Coverage: 39.0% (145,315/372,602 usable)
💤 Waiting 30s before next cycle...


🔄 CYCLE 415 STARTING...

📝 Updating 100 empty logs...
🔍 Checking 22 potential new logs...

────────────────────────────────────────
✅ Cycle 415 Complete:
   Updated: 0, Created: 0
   Session totals - Updated: 462, Created: 218

📊 Coverage: 82.4% (307,024/372,602 usable)
💤 Waiting 30s before next cycle...


🔄 CYCLE 416 STARTING...

📝 Updating 100 empty logs...
🔍 Checking 22 potential new logs...

────────────────────────────────────────
✅ Cycle 416 Complete:
   Updated: 0, Created: 0
   Session totals - Updated: 462, Created: 218

📊 Coverage: 71.2% (265,293/372,602 usable)
💤 Waiting 30s before next cycle...


🔄 CYCLE 417 STARTING...

📝 Updating 100 empty logs...
🔍 Checking 22 potential new logs...

────────────────────────────────────────
✅ Cycle 417 Complete:
   Updated: 0, Created: 0
   Session totals - Updated: 462, Created: 218

📊 Coverage: 39.6% (147,550/372,602 usable)
💤 Waiting 30s before next cycle...


🔄 CYCLE 418 STARTING...

📝 Updating 100 empty logs...
🔍 Checking 22 potential new logs...

────────────────────────────────────────
✅ Cycle 418 Complete:
   Updated: 0, Created: 0
   Session totals - Updated: 462, Created: 218

📊 Coverage: 55.5% (206,794/372,602 usable)
💤 Waiting 30s before next cycle...


🔄 CYCLE 419 STARTING...

📝 Updating 100 empty logs...
🔍 Checking 22 potential new logs...

────────────────────────────────────────
✅ Cycle 419 Complete:
   Updated: 0, Created: 0
   Session totals - Updated: 462, Created: 218

📊 Coverage: 59.3% (220,953/372,602 usable)
💤 Waiting 30s before next cycle...


🔄 CYCLE 420 STARTING...

📝 Updating 100 empty logs...
🔍 Checking 22 potential new logs...

────────────────────────────────────────
✅ Cycle 420 Complete:
   Updated: 0, Created: 0
   Session totals - Updated: 462, Created: 218

📊 Coverage: 59.2% (220,580/372,602 usable)
💤 Waiting 30s before next cycle...


🔄 CYCLE 421 STARTING...

📝 Updating 100 empty logs...
🔍 Checking 22 potential new logs...

────────────────────────────────────────
✅ Cycle 421 Complete:
   Updated: 0, Created: 0
   Session totals - Updated: 462, Created: 218

📊 Coverage: 49.2% (183,320/372,602 usable)
💤 Waiting 30s before next cycle...


🔄 CYCLE 422 STARTING...

📝 Updating 100 empty logs...
🔍 Checking 22 potential new logs...

────────────────────────────────────────
✅ Cycle 422 Complete:
   Updated: 0, Created: 0
   Session totals - Updated: 462, Created: 218

📊 Coverage: 46.1% (171,770/372,602 usable)
💤 Waiting 30s before next cycle...


🔄 CYCLE 423 STARTING...

📝 Updating 100 empty logs...
🔍 Checking 22 potential new logs...

────────────────────────────────────────
✅ Cycle 423 Complete:
   Updated: 0, Created: 0
   Session totals - Updated: 462, Created: 218

📊 Coverage: 35.6% (132,646/372,602 usable)
💤 Waiting 30s before next cycle...


🔄 CYCLE 424 STARTING...

📝 Updating 100 empty logs...
🔍 Checking 22 potential new logs...

────────────────────────────────────────
✅ Cycle 424 Complete:
   Updated: 0, Created: 0
   Session totals - Updated: 462, Created: 218

📊 Coverage: 73.5% (273,862/372,602 usable)
💤 Waiting 30s before next cycle...


🔄 CYCLE 425 STARTING...

📝 Updating 100 empty logs...
🔍 Checking 22 potential new logs...

────────────────────────────────────────
✅ Cycle 425 Complete:
   Updated: 0, Created: 0
   Session totals - Updated: 462, Created: 218

📊 Coverage: 87.6% (326,399/372,602 usable)
💤 Waiting 30s before next cycle...


🔄 CYCLE 426 STARTING...

📝 Updating 100 empty logs...
🔍 Checking 22 potential new logs...

────────────────────────────────────────
✅ Cycle 426 Complete:
   Updated: 0, Created: 0
   Session totals - Updated: 462, Created: 218

📊 Coverage: 8.3% (30,926/372,602 usable)
💤 Waiting 30s before next cycle...


🔄 CYCLE 427 STARTING...

📝 Updating 100 empty logs...
🔍 Checking 22 potential new logs...

────────────────────────────────────────
✅ Cycle 427 Complete:
   Updated: 0, Created: 0
   Session totals - Updated: 462, Created: 218

📊 Coverage: 7.8% (29,063/372,602 usable)
💤 Waiting 30s before next cycle...


🔄 CYCLE 428 STARTING...

📝 Updating 100 empty logs...
🔍 Checking 22 potential new logs...

────────────────────────────────────────
✅ Cycle 428 Complete:
   Updated: 0, Created: 0
   Session totals - Updated: 462, Created: 218

📊 Coverage: 7.3% (27,200/372,602 usable)
💤 Waiting 30s before next cycle...


🔄 CYCLE 429 STARTING...

📝 Updating 100 empty logs...
🔍 Checking 22 potential new logs...

────────────────────────────────────────
✅ Cycle 429 Complete:
   Updated: 0, Created: 0
   Session totals - Updated: 462, Created: 218

📊 Coverage: 8.7% (32,416/372,602 usable)
💤 Waiting 30s before next cycle...


🔄 CYCLE 430 STARTING...

📝 Updating 100 empty logs...
🔍 Checking 22 potential new logs...

────────────────────────────────────────
✅ Cycle 430 Complete:
   Updated: 0, Created: 0
   Session totals - Updated: 462, Created: 218

📊 Coverage: 9.6% (35,770/372,602 usable)
💤 Waiting 30s before next cycle...


🔄 CYCLE 431 STARTING...

📝 Updating 100 empty logs...
🔍 Checking 22 potential new logs...

────────────────────────────────────────
✅ Cycle 431 Complete:
   Updated: 0, Created: 0
   Session totals - Updated: 462, Created: 218

📊 Coverage: 9.8% (36,515/372,602 usable)
💤 Waiting 30s before next cycle...


🔄 CYCLE 432 STARTING...

📝 Updating 100 empty logs...
🔍 Checking 22 potential new logs...

────────────────────────────────────────
✅ Cycle 432 Complete:
   Updated: 0, Created: 0
   Session totals - Updated: 462, Created: 218

📊 Coverage: 10.2% (38,005/372,602 usable)
💤 Waiting 30s before next cycle...


🔄 CYCLE 433 STARTING...

📝 Updating 100 empty logs...
🔍 Checking 22 potential new logs...

────────────────────────────────────────
✅ Cycle 433 Complete:
   Updated: 0, Created: 0
   Session totals - Updated: 462, Created: 218

📊 Coverage: 11.8% (43,967/372,602 usable)
💤 Waiting 30s before next cycle...


🔄 CYCLE 434 STARTING...

📝 Updating 100 empty logs...
🔍 Checking 22 potential new logs...

────────────────────────────────────────
✅ Cycle 434 Complete:
   Updated: 0, Created: 0
   Session totals - Updated: 462, Created: 218

📊 Coverage: 12.1% (45,085/372,602 usable)
💤 Waiting 30s before next cycle...


🔄 CYCLE 435 STARTING...

📝 Updating 100 empty logs...
🔍 Checking 22 potential new logs...

────────────────────────────────────────
✅ Cycle 435 Complete:
   Updated: 0, Created: 0
   Session totals - Updated: 462, Created: 218

📊 Coverage: 11.2% (41,731/372,602 usable)
💤 Waiting 30s before next cycle...


🔄 CYCLE 436 STARTING...

📝 Updating 100 empty logs...
🔍 Checking 22 potential new logs...

────────────────────────────────────────
✅ Cycle 436 Complete:
   Updated: 0, Created: 0
   Session totals - Updated: 462, Created: 218

📊 Coverage: 12.4% (46,203/372,602 usable)
💤 Waiting 30s before next cycle...


🔄 CYCLE 437 STARTING...

📝 Updating 100 empty logs...
🔍 Checking 22 potential new logs...

────────────────────────────────────────
✅ Cycle 437 Complete:
   Updated: 0, Created: 0
   Session totals - Updated: 462, Created: 218

📊 Coverage: 12.1% (45,085/372,602 usable)
💤 Waiting 30s before next cycle...


🔄 CYCLE 438 STARTING...

📝 Updating 100 empty logs...
🔍 Checking 22 potential new logs...

────────────────────────────────────────
✅ Cycle 438 Complete:
   Updated: 0, Created: 0
   Session totals - Updated: 462, Created: 218

📊 Coverage: 12.1% (45,085/372,602 usable)
💤 Waiting 30s before next cycle...


🔄 CYCLE 439 STARTING...

📝 Updating 100 empty logs...
🔍 Checking 22 potential new logs...

────────────────────────────────────────
✅ Cycle 439 Complete:
   Updated: 0, Created: 0
   Session totals - Updated: 462, Created: 218

📊 Coverage: 11.5% (42,849/372,602 usable)
💤 Waiting 30s before next cycle...


🔄 CYCLE 440 STARTING...

📝 Updating 100 empty logs...
🔍 Checking 22 potential new logs...

────────────────────────────────────────
✅ Cycle 440 Complete:
   Updated: 0, Created: 0
   Session totals - Updated: 462, Created: 218

📊 Coverage: 12.4% (46,203/372,602 usable)
💤 Waiting 30s before next cycle...


🔄 CYCLE 441 STARTING...

📝 Updating 100 empty logs...
🔍 Checking 22 potential new logs...

────────────────────────────────────────
✅ Cycle 441 Complete:
   Updated: 0, Created: 0
   Session totals - Updated: 462, Created: 218

📊 Coverage: 36.6% (136,372/372,602 usable)
💤 Waiting 30s before next cycle...


🔄 CYCLE 442 STARTING...

📝 Updating 100 empty logs...
🔍 Checking 22 potential new logs...

────────────────────────────────────────
✅ Cycle 442 Complete:
   Updated: 0, Created: 0
   Session totals - Updated: 462, Created: 218

📊 Coverage: 88.7% (330,498/372,602 usable)
💤 Waiting 30s before next cycle...


🔄 CYCLE 443 STARTING...

📝 Updating 100 empty logs...
🔍 Checking 22 potential new logs...

────────────────────────────────────────
✅ Cycle 443 Complete:
   Updated: 0, Created: 0
   Session totals - Updated: 462, Created: 218

📊 Coverage: 75.8% (282,432/372,602 usable)
💤 Waiting 30s before next cycle...


🔄 CYCLE 444 STARTING...

📝 Updating 100 empty logs...
🔍 Checking 22 potential new logs...

────────────────────────────────────────
✅ Cycle 444 Complete:
   Updated: 0, Created: 0
   Session totals - Updated: 462, Created: 218

📊 Coverage: 21.8% (81,227/372,602 usable)
💤 Waiting 30s before next cycle...


🔄 CYCLE 445 STARTING...

📝 Updating 100 empty logs...
🔍 Checking 22 potential new logs...

────────────────────────────────────────
✅ Cycle 445 Complete:
   Updated: 0, Created: 0
   Session totals - Updated: 462, Created: 218

📊 Coverage: 26.5% (98,740/372,602 usable)
💤 Waiting 30s before next cycle...


🔄 CYCLE 446 STARTING...

📝 Updating 100 empty logs...
🔍 Checking 22 potential new logs...

────────────────────────────────────────
✅ Cycle 446 Complete:
   Updated: 0, Created: 0
   Session totals - Updated: 462, Created: 218

📊 Coverage: 39.0% (145,315/372,602 usable)
💤 Waiting 30s before next cycle...


🔄 CYCLE 447 STARTING...

📝 Updating 100 empty logs...
🔍 Checking 22 potential new logs...

────────────────────────────────────────
✅ Cycle 447 Complete:
   Updated: 0, Created: 0
   Session totals - Updated: 462, Created: 218

📊 Coverage: 82.4% (307,024/372,602 usable)
💤 Waiting 30s before next cycle...


🔄 CYCLE 448 STARTING...

📝 Updating 100 empty logs...
🔍 Checking 22 potential new logs...

────────────────────────────────────────
✅ Cycle 448 Complete:
   Updated: 0, Created: 0
   Session totals - Updated: 462, Created: 218

📊 Coverage: 71.2% (265,293/372,602 usable)
💤 Waiting 30s before next cycle...


🔄 CYCLE 449 STARTING...

📝 Updating 100 empty logs...
🔍 Checking 22 potential new logs...

────────────────────────────────────────
✅ Cycle 449 Complete:
   Updated: 0, Created: 0
   Session totals - Updated: 462, Created: 218

📊 Coverage: 39.6% (147,550/372,602 usable)
💤 Waiting 30s before next cycle...


🔄 CYCLE 450 STARTING...

📝 Updating 100 empty logs...
🔍 Checking 22 potential new logs...

────────────────────────────────────────
✅ Cycle 450 Complete:
   Updated: 0, Created: 0
   Session totals - Updated: 462, Created: 218

📊 Coverage: 55.5% (206,794/372,602 usable)
💤 Waiting 30s before next cycle...


🔄 CYCLE 451 STARTING...

📝 Updating 100 empty logs...
🔍 Checking 22 potential new logs...

────────────────────────────────────────
✅ Cycle 451 Complete:
   Updated: 0, Created: 0
   Session totals - Updated: 462, Created: 218

📊 Coverage: 59.3% (220,953/372,602 usable)
💤 Waiting 30s before next cycle...


🔄 CYCLE 452 STARTING...

📝 Updating 100 empty logs...
🔍 Checking 22 potential new logs...

────────────────────────────────────────
✅ Cycle 452 Complete:
   Updated: 0, Created: 0
   Session totals - Updated: 462, Created: 218

📊 Coverage: 59.2% (220,580/372,602 usable)
💤 Waiting 30s before next cycle...


🔄 CYCLE 453 STARTING...

📝 Updating 100 empty logs...
🔍 Checking 22 potential new logs...

────────────────────────────────────────
✅ Cycle 453 Complete:
   Updated: 0, Created: 0
   Session totals - Updated: 462, Created: 218

📊 Coverage: 49.2% (183,320/372,602 usable)
💤 Waiting 30s before next cycle...


🔄 CYCLE 454 STARTING...

📝 Updating 100 empty logs...
🔍 Checking 22 potential new logs...

────────────────────────────────────────
✅ Cycle 454 Complete:
   Updated: 0, Created: 0
   Session totals - Updated: 462, Created: 218

📊 Coverage: 46.1% (171,770/372,602 usable)
💤 Waiting 30s before next cycle...


🔄 CYCLE 455 STARTING...

📝 Updating 100 empty logs...
🔍 Checking 22 potential new logs...

────────────────────────────────────────
✅ Cycle 455 Complete:
   Updated: 0, Created: 0
   Session totals - Updated: 462, Created: 218

📊 Coverage: 35.6% (132,646/372,602 usable)
💤 Waiting 30s before next cycle...


🔄 CYCLE 456 STARTING...

📝 Updating 100 empty logs...
🔍 Checking 22 potential new logs...

────────────────────────────────────────
✅ Cycle 456 Complete:
   Updated: 0, Created: 0
   Session totals - Updated: 462, Created: 218

📊 Coverage: 73.5% (273,862/372,602 usable)
💤 Waiting 30s before next cycle...


🔄 CYCLE 457 STARTING...

📝 Updating 100 empty logs...
🔍 Checking 22 potential new logs...

────────────────────────────────────────
✅ Cycle 457 Complete:
   Updated: 0, Created: 0
   Session totals - Updated: 462, Created: 218

📊 Coverage: 87.6% (326,399/372,602 usable)
💤 Waiting 30s before next cycle...


🔄 CYCLE 458 STARTING...

📝 Updating 100 empty logs...
🔍 Checking 22 potential new logs...

────────────────────────────────────────
✅ Cycle 458 Complete:
   Updated: 0, Created: 0
   Session totals - Updated: 462, Created: 218

📊 Coverage: 8.3% (30,926/372,602 usable)
💤 Waiting 30s before next cycle...


🔄 CYCLE 459 STARTING...

📝 Updating 100 empty logs...
🔍 Checking 22 potential new logs...

────────────────────────────────────────
✅ Cycle 459 Complete:
   Updated: 0, Created: 0
   Session totals - Updated: 462, Created: 218

📊 Coverage: 7.8% (29,063/372,602 usable)
💤 Waiting 30s before next cycle...


🔄 CYCLE 460 STARTING...

📝 Updating 100 empty logs...
🔍 Checking 22 potential new logs...

────────────────────────────────────────
✅ Cycle 460 Complete:
   Updated: 0, Created: 0
   Session totals - Updated: 462, Created: 218

📊 Coverage: 7.3% (27,200/372,602 usable)
💤 Waiting 30s before next cycle...


🔄 CYCLE 461 STARTING...

📝 Updating 100 empty logs...
🔍 Checking 22 potential new logs...

────────────────────────────────────────
✅ Cycle 461 Complete:
   Updated: 0, Created: 0
   Session totals - Updated: 462, Created: 218

📊 Coverage: 8.7% (32,416/372,602 usable)
💤 Waiting 30s before next cycle...


🔄 CYCLE 462 STARTING...

📝 Updating 100 empty logs...
🔍 Checking 22 potential new logs...

────────────────────────────────────────
✅ Cycle 462 Complete:
   Updated: 0, Created: 0
   Session totals - Updated: 462, Created: 218

📊 Coverage: 9.6% (35,770/372,602 usable)
💤 Waiting 30s before next cycle...


🔄 CYCLE 463 STARTING...

📝 Updating 100 empty logs...
🔍 Checking 22 potential new logs...

────────────────────────────────────────
✅ Cycle 463 Complete:
   Updated: 0, Created: 0
   Session totals - Updated: 462, Created: 218

📊 Coverage: 9.8% (36,515/372,602 usable)
💤 Waiting 30s before next cycle...


🔄 CYCLE 464 STARTING...

📝 Updating 100 empty logs...
🔍 Checking 22 potential new logs...

────────────────────────────────────────
✅ Cycle 464 Complete:
   Updated: 0, Created: 0
   Session totals - Updated: 462, Created: 218

📊 Coverage: 10.2% (38,005/372,602 usable)
💤 Waiting 30s before next cycle...


🔄 CYCLE 465 STARTING...

📝 Updating 100 empty logs...
🔍 Checking 22 potential new logs...

────────────────────────────────────────
✅ Cycle 465 Complete:
   Updated: 0, Created: 0
   Session totals - Updated: 462, Created: 218

📊 Coverage: 11.8% (43,967/372,602 usable)
💤 Waiting 30s before next cycle...


🔄 CYCLE 466 STARTING...

📝 Updating 100 empty logs...
🔍 Checking 22 potential new logs...

────────────────────────────────────────
✅ Cycle 466 Complete:
   Updated: 0, Created: 0
   Session totals - Updated: 462, Created: 218

📊 Coverage: 12.1% (45,085/372,602 usable)
💤 Waiting 30s before next cycle...


🔄 CYCLE 467 STARTING...

📝 Updating 100 empty logs...
🔍 Checking 22 potential new logs...

────────────────────────────────────────
✅ Cycle 467 Complete:
   Updated: 0, Created: 0
   Session totals - Updated: 462, Created: 218

📊 Coverage: 11.2% (41,731/372,602 usable)
💤 Waiting 30s before next cycle...


🔄 CYCLE 468 STARTING...

📝 Updating 100 empty logs...
🔍 Checking 22 potential new logs...

────────────────────────────────────────
✅ Cycle 468 Complete:
   Updated: 0, Created: 0
   Session totals - Updated: 462, Created: 218

📊 Coverage: 12.4% (46,203/372,602 usable)
💤 Waiting 30s before next cycle...


🔄 CYCLE 469 STARTING...

📝 Updating 100 empty logs...
🔍 Checking 22 potential new logs...

────────────────────────────────────────
✅ Cycle 469 Complete:
   Updated: 0, Created: 0
   Session totals - Updated: 462, Created: 218

📊 Coverage: 12.1% (45,085/372,602 usable)
💤 Waiting 30s before next cycle...


🔄 CYCLE 470 STARTING...

📝 Updating 100 empty logs...
🔍 Checking 22 potential new logs...

────────────────────────────────────────
✅ Cycle 470 Complete:
   Updated: 0, Created: 0
   Session totals - Updated: 462, Created: 218

📊 Coverage: 12.1% (45,085/372,602 usable)
💤 Waiting 30s before next cycle...


🔄 CYCLE 471 STARTING...

📝 Updating 100 empty logs...
🔍 Checking 22 potential new logs...

────────────────────────────────────────
✅ Cycle 471 Complete:
   Updated: 0, Created: 0
   Session totals - Updated: 462, Created: 218

📊 Coverage: 11.5% (42,849/372,602 usable)
💤 Waiting 30s before next cycle...


🔄 CYCLE 472 STARTING...

📝 Updating 100 empty logs...
🔍 Checking 22 potential new logs...

────────────────────────────────────────
✅ Cycle 472 Complete:
   Updated: 0, Created: 0
   Session totals - Updated: 462, Created: 218

📊 Coverage: 12.4% (46,203/372,602 usable)
💤 Waiting 30s before next cycle...


🔄 CYCLE 473 STARTING...

📝 Updating 100 empty logs...
🔍 Checking 22 potential new logs...

────────────────────────────────────────
✅ Cycle 473 Complete:
   Updated: 0, Created: 0
   Session totals - Updated: 462, Created: 218

📊 Coverage: 36.6% (136,372/372,602 usable)
💤 Waiting 30s before next cycle...


🔄 CYCLE 474 STARTING...

📝 Updating 100 empty logs...
🔍 Checking 22 potential new logs...

────────────────────────────────────────
✅ Cycle 474 Complete:
   Updated: 0, Created: 0
   Session totals - Updated: 462, Created: 218

📊 Coverage: 88.7% (330,498/372,602 usable)
💤 Waiting 30s before next cycle...


🔄 CYCLE 475 STARTING...

📝 Updating 100 empty logs...
🔍 Checking 22 potential new logs...

────────────────────────────────────────
✅ Cycle 475 Complete:
   Updated: 0, Created: 0
   Session totals - Updated: 462, Created: 218

📊 Coverage: 75.8% (282,432/372,602 usable)
💤 Waiting 30s before next cycle...


🔄 CYCLE 476 STARTING...

📝 Updating 100 empty logs...
🔍 Checking 22 potential new logs...

────────────────────────────────────────
✅ Cycle 476 Complete:
   Updated: 0, Created: 0
   Session totals - Updated: 462, Created: 218

📊 Coverage: 21.8% (81,227/372,602 usable)
💤 Waiting 30s before next cycle...


🔄 CYCLE 477 STARTING...

📝 Updating 100 empty logs...
🔍 Checking 22 potential new logs...

────────────────────────────────────────
✅ Cycle 477 Complete:
   Updated: 0, Created: 0
   Session totals - Updated: 462, Created: 218

📊 Coverage: 26.5% (98,740/372,602 usable)
💤 Waiting 30s before next cycle...


🔄 CYCLE 478 STARTING...

📝 Updating 100 empty logs...
🔍 Checking 22 potential new logs...

────────────────────────────────────────
✅ Cycle 478 Complete:
   Updated: 0, Created: 0
   Session totals - Updated: 462, Created: 218

📊 Coverage: 39.0% (145,315/372,602 usable)
💤 Waiting 30s before next cycle...


🔄 CYCLE 479 STARTING...

📝 Updating 100 empty logs...
🔍 Checking 22 potential new logs...

────────────────────────────────────────
✅ Cycle 479 Complete:
   Updated: 0, Created: 0
   Session totals - Updated: 462, Created: 218

📊 Coverage: 82.4% (307,024/372,602 usable)
💤 Waiting 30s before next cycle...


🔄 CYCLE 480 STARTING...

📝 Updating 100 empty logs...
🔍 Checking 22 potential new logs...

────────────────────────────────────────
✅ Cycle 480 Complete:
   Updated: 0, Created: 0
   Session totals - Updated: 462, Created: 218

📊 Coverage: 71.2% (265,293/372,602 usable)
💤 Waiting 30s before next cycle...


🔄 CYCLE 481 STARTING...

📝 Updating 100 empty logs...
🔍 Checking 22 potential new logs...

────────────────────────────────────────
✅ Cycle 481 Complete:
   Updated: 0, Created: 0
   Session totals - Updated: 462, Created: 218

📊 Coverage: 39.6% (147,550/372,602 usable)
💤 Waiting 30s before next cycle...


🔄 CYCLE 482 STARTING...

📝 Updating 100 empty logs...
🔍 Checking 22 potential new logs...

────────────────────────────────────────
✅ Cycle 482 Complete:
   Updated: 0, Created: 0
   Session totals - Updated: 462, Created: 218

📊 Coverage: 55.5% (206,794/372,602 usable)
💤 Waiting 30s before next cycle...


🔄 CYCLE 483 STARTING...

📝 Updating 100 empty logs...
🔍 Checking 22 potential new logs...

────────────────────────────────────────
✅ Cycle 483 Complete:
   Updated: 0, Created: 0
   Session totals - Updated: 462, Created: 218

📊 Coverage: 59.3% (220,953/372,602 usable)
💤 Waiting 30s before next cycle...


🔄 CYCLE 484 STARTING...

📝 Updating 100 empty logs...
🔍 Checking 22 potential new logs...

────────────────────────────────────────
✅ Cycle 484 Complete:
   Updated: 0, Created: 0
   Session totals - Updated: 462, Created: 218

📊 Coverage: 59.2% (220,580/372,602 usable)
💤 Waiting 30s before next cycle...


🔄 CYCLE 485 STARTING...

📝 Updating 100 empty logs...
🔍 Checking 22 potential new logs...

────────────────────────────────────────
✅ Cycle 485 Complete:
   Updated: 0, Created: 0
   Session totals - Updated: 462, Created: 218

📊 Coverage: 49.2% (183,320/372,602 usable)
💤 Waiting 30s before next cycle...


🔄 CYCLE 486 STARTING...

📝 Updating 100 empty logs...
🔍 Checking 22 potential new logs...

────────────────────────────────────────
✅ Cycle 486 Complete:
   Updated: 0, Created: 0
   Session totals - Updated: 462, Created: 218

📊 Coverage: 46.1% (171,770/372,602 usable)
💤 Waiting 30s before next cycle...


🔄 CYCLE 487 STARTING...

📝 Updating 100 empty logs...
🔍 Checking 22 potential new logs...

────────────────────────────────────────
✅ Cycle 487 Complete:
   Updated: 0, Created: 0
   Session totals - Updated: 462, Created: 218

📊 Coverage: 35.6% (132,646/372,602 usable)
💤 Waiting 30s before next cycle...


🔄 CYCLE 488 STARTING...

📝 Updating 100 empty logs...
🔍 Checking 22 potential new logs...

────────────────────────────────────────
✅ Cycle 488 Complete:
   Updated: 0, Created: 0
   Session totals - Updated: 462, Created: 218

📊 Coverage: 73.5% (273,862/372,602 usable)
💤 Waiting 30s before next cycle...


🔄 CYCLE 489 STARTING...

📝 Updating 100 empty logs...
🔍 Checking 22 potential new logs...

────────────────────────────────────────
✅ Cycle 489 Complete:
   Updated: 0, Created: 0
   Session totals - Updated: 462, Created: 218

📊 Coverage: 87.6% (326,399/372,602 usable)
💤 Waiting 30s before next cycle...


🔄 CYCLE 490 STARTING...

📝 Updating 100 empty logs...
🔍 Checking 22 potential new logs...

────────────────────────────────────────
✅ Cycle 490 Complete:
   Updated: 0, Created: 0
   Session totals - Updated: 462, Created: 218

📊 Coverage: 8.3% (30,926/372,602 usable)
💤 Waiting 30s before next cycle...


🔄 CYCLE 491 STARTING...

📝 Updating 100 empty logs...
🔍 Checking 22 potential new logs...

────────────────────────────────────────
✅ Cycle 491 Complete:
   Updated: 0, Created: 0
   Session totals - Updated: 462, Created: 218

📊 Coverage: 7.8% (29,063/372,602 usable)
💤 Waiting 30s before next cycle...


🔄 CYCLE 492 STARTING...

📝 Updating 100 empty logs...
🔍 Checking 22 potential new logs...

────────────────────────────────────────
✅ Cycle 492 Complete:
   Updated: 0, Created: 0
   Session totals - Updated: 462, Created: 218

📊 Coverage: 7.3% (27,200/372,602 usable)
💤 Waiting 30s before next cycle...


🔄 CYCLE 493 STARTING...

📝 Updating 100 empty logs...
🔍 Checking 22 potential new logs...

────────────────────────────────────────
✅ Cycle 493 Complete:
   Updated: 0, Created: 0
   Session totals - Updated: 462, Created: 218

📊 Coverage: 8.7% (32,416/372,602 usable)
💤 Waiting 30s before next cycle...


🔄 CYCLE 494 STARTING...

📝 Updating 100 empty logs...
🔍 Checking 22 potential new logs...

────────────────────────────────────────
✅ Cycle 494 Complete:
   Updated: 0, Created: 0
   Session totals - Updated: 462, Created: 218

📊 Coverage: 9.6% (35,770/372,602 usable)
💤 Waiting 30s before next cycle...


🔄 CYCLE 495 STARTING...

📝 Updating 100 empty logs...
🔍 Checking 22 potential new logs...

────────────────────────────────────────
✅ Cycle 495 Complete:
   Updated: 0, Created: 0
   Session totals - Updated: 462, Created: 218

📊 Coverage: 9.8% (36,515/372,602 usable)
💤 Waiting 30s before next cycle...


🔄 CYCLE 496 STARTING...

📝 Updating 100 empty logs...
🔍 Checking 22 potential new logs...

────────────────────────────────────────
✅ Cycle 496 Complete:
   Updated: 0, Created: 0
   Session totals - Updated: 462, Created: 218

📊 Coverage: 10.2% (38,005/372,602 usable)
💤 Waiting 30s before next cycle...


🔄 CYCLE 497 STARTING...

📝 Updating 100 empty logs...
🔍 Checking 22 potential new logs...

────────────────────────────────────────
✅ Cycle 497 Complete:
   Updated: 0, Created: 0
   Session totals - Updated: 462, Created: 218

📊 Coverage: 11.8% (43,967/372,602 usable)
💤 Waiting 30s before next cycle...


🔄 CYCLE 498 STARTING...

📝 Updating 100 empty logs...
🔍 Checking 22 potential new logs...

────────────────────────────────────────
✅ Cycle 498 Complete:
   Updated: 0, Created: 0
   Session totals - Updated: 462, Created: 218

📊 Coverage: 12.1% (45,085/372,602 usable)
💤 Waiting 30s before next cycle...


🔄 CYCLE 499 STARTING...

📝 Updating 100 empty logs...
🔍 Checking 22 potential new logs...

────────────────────────────────────────
✅ Cycle 499 Complete:
   Updated: 0, Created: 0
   Session totals - Updated: 462, Created: 218

📊 Coverage: 11.2% (41,731/372,602 usable)
💤 Waiting 30s before next cycle...


🔄 CYCLE 500 STARTING...

📝 Updating 100 empty logs...
🔍 Checking 22 potential new logs...

────────────────────────────────────────
✅ Cycle 500 Complete:
   Updated: 0, Created: 0
   Session totals - Updated: 462, Created: 218

📊 Coverage: 12.4% (46,203/372,602 usable)
💤 Waiting 30s before next cycle...


🔄 CYCLE 501 STARTING...

📝 Updating 100 empty logs...
🔍 Checking 22 potential new logs...

────────────────────────────────────────
✅ Cycle 501 Complete:
   Updated: 0, Created: 0
   Session totals - Updated: 462, Created: 218

📊 Coverage: 12.1% (45,085/372,602 usable)
💤 Waiting 30s before next cycle...


🔄 CYCLE 502 STARTING...

📝 Updating 100 empty logs...
🔍 Checking 22 potential new logs...

────────────────────────────────────────
✅ Cycle 502 Complete:
   Updated: 0, Created: 0
   Session totals - Updated: 462, Created: 218

📊 Coverage: 12.1% (45,085/372,602 usable)
💤 Waiting 30s before next cycle...


🔄 CYCLE 503 STARTING...

📝 Updating 100 empty logs...
🔍 Checking 22 potential new logs...

────────────────────────────────────────
✅ Cycle 503 Complete:
   Updated: 0, Created: 0
   Session totals - Updated: 462, Created: 218

📊 Coverage: 11.5% (42,849/372,602 usable)
💤 Waiting 30s before next cycle...


🔄 CYCLE 504 STARTING...

📝 Updating 100 empty logs...
🔍 Checking 22 potential new logs...

────────────────────────────────────────
✅ Cycle 504 Complete:
   Updated: 0, Created: 0
   Session totals - Updated: 462, Created: 218

📊 Coverage: 12.4% (46,203/372,602 usable)
💤 Waiting 30s before next cycle...


🔄 CYCLE 505 STARTING...

📝 Updating 100 empty logs...
🔍 Checking 22 potential new logs...

────────────────────────────────────────
✅ Cycle 505 Complete:
   Updated: 0, Created: 0
   Session totals - Updated: 462, Created: 218

📊 Coverage: 36.6% (136,372/372,602 usable)
💤 Waiting 30s before next cycle...


🔄 CYCLE 506 STARTING...

📝 Updating 100 empty logs...
🔍 Checking 22 potential new logs...

────────────────────────────────────────
✅ Cycle 506 Complete:
   Updated: 0, Created: 0
   Session totals - Updated: 462, Created: 218

📊 Coverage: 88.7% (330,498/372,602 usable)
💤 Waiting 30s before next cycle...


🔄 CYCLE 507 STARTING...

📝 Updating 100 empty logs...
🔍 Checking 22 potential new logs...

────────────────────────────────────────
✅ Cycle 507 Complete:
   Updated: 0, Created: 0
   Session totals - Updated: 462, Created: 218

📊 Coverage: 75.8% (282,432/372,602 usable)
💤 Waiting 30s before next cycle...


🔄 CYCLE 508 STARTING...

📝 Updating 100 empty logs...
🔍 Checking 22 potential new logs...

────────────────────────────────────────
✅ Cycle 508 Complete:
   Updated: 0, Created: 0
   Session totals - Updated: 462, Created: 218

📊 Coverage: 21.8% (81,227/372,602 usable)
💤 Waiting 30s before next cycle...


🔄 CYCLE 509 STARTING...

📝 Updating 100 empty logs...
🔍 Checking 22 potential new logs...

────────────────────────────────────────
✅ Cycle 509 Complete:
   Updated: 0, Created: 0
   Session totals - Updated: 462, Created: 218

📊 Coverage: 26.5% (98,740/372,602 usable)
💤 Waiting 30s before next cycle...


🔄 CYCLE 510 STARTING...

📝 Updating 100 empty logs...
🔍 Checking 22 potential new logs...

────────────────────────────────────────
✅ Cycle 510 Complete:
   Updated: 0, Created: 0
   Session totals - Updated: 462, Created: 218

📊 Coverage: 39.0% (145,315/372,602 usable)
💤 Waiting 30s before next cycle...


🔄 CYCLE 511 STARTING...

📝 Updating 100 empty logs...
🔍 Checking 22 potential new logs...

────────────────────────────────────────
✅ Cycle 511 Complete:
   Updated: 0, Created: 0
   Session totals - Updated: 462, Created: 218

📊 Coverage: 82.4% (307,024/372,602 usable)
💤 Waiting 30s before next cycle...


🔄 CYCLE 512 STARTING...

📝 Updating 100 empty logs...
🔍 Checking 22 potential new logs...

────────────────────────────────────────
✅ Cycle 512 Complete:
   Updated: 0, Created: 0
   Session totals - Updated: 462, Created: 218

📊 Coverage: 71.2% (265,293/372,602 usable)
💤 Waiting 30s before next cycle...


🔄 CYCLE 513 STARTING...

📝 Updating 100 empty logs...
🔍 Checking 22 potential new logs...

────────────────────────────────────────
✅ Cycle 513 Complete:
   Updated: 0, Created: 0
   Session totals - Updated: 462, Created: 218

📊 Coverage: 39.6% (147,550/372,602 usable)
💤 Waiting 30s before next cycle...


🔄 CYCLE 514 STARTING...

📝 Updating 100 empty logs...
🔍 Checking 22 potential new logs...

────────────────────────────────────────
✅ Cycle 514 Complete:
   Updated: 0, Created: 0
   Session totals - Updated: 462, Created: 218

📊 Coverage: 55.5% (206,794/372,602 usable)
💤 Waiting 30s before next cycle...


🔄 CYCLE 515 STARTING...

📝 Updating 100 empty logs...
🔍 Checking 22 potential new logs...

────────────────────────────────────────
✅ Cycle 515 Complete:
   Updated: 0, Created: 0
   Session totals - Updated: 462, Created: 218

📊 Coverage: 59.3% (220,953/372,602 usable)
💤 Waiting 30s before next cycle...


🔄 CYCLE 516 STARTING...

📝 Updating 100 empty logs...
🔍 Checking 22 potential new logs...

────────────────────────────────────────
✅ Cycle 516 Complete:
   Updated: 0, Created: 0
   Session totals - Updated: 462, Created: 218

📊 Coverage: 59.2% (220,580/372,602 usable)
💤 Waiting 30s before next cycle...


🔄 CYCLE 517 STARTING...

📝 Updating 100 empty logs...
🔍 Checking 22 potential new logs...

────────────────────────────────────────
✅ Cycle 517 Complete:
   Updated: 0, Created: 0
   Session totals - Updated: 462, Created: 218

📊 Coverage: 49.2% (183,320/372,602 usable)
💤 Waiting 30s before next cycle...


🔄 CYCLE 518 STARTING...

📝 Updating 100 empty logs...
🔍 Checking 22 potential new logs...

────────────────────────────────────────
✅ Cycle 518 Complete:
   Updated: 0, Created: 0
   Session totals - Updated: 462, Created: 218

📊 Coverage: 46.1% (171,770/372,602 usable)
💤 Waiting 30s before next cycle...


🔄 CYCLE 519 STARTING...

📝 Updating 100 empty logs...
🔍 Checking 22 potential new logs...

────────────────────────────────────────
✅ Cycle 519 Complete:
   Updated: 0, Created: 0
   Session totals - Updated: 462, Created: 218

📊 Coverage: 35.6% (132,646/372,602 usable)
💤 Waiting 30s before next cycle...


🔄 CYCLE 520 STARTING...

📝 Updating 100 empty logs...
🔍 Checking 22 potential new logs...

────────────────────────────────────────
✅ Cycle 520 Complete:
   Updated: 0, Created: 0
   Session totals - Updated: 462, Created: 218

📊 Coverage: 73.5% (273,862/372,602 usable)
💤 Waiting 30s before next cycle...


🔄 CYCLE 521 STARTING...

📝 Updating 100 empty logs...
🔍 Checking 22 potential new logs...

────────────────────────────────────────
✅ Cycle 521 Complete:
   Updated: 0, Created: 0
   Session totals - Updated: 462, Created: 218

📊 Coverage: 87.6% (326,399/372,602 usable)
💤 Waiting 30s before next cycle...


🔄 CYCLE 522 STARTING...

📝 Updating 100 empty logs...
🔍 Checking 22 potential new logs...

────────────────────────────────────────
✅ Cycle 522 Complete:
   Updated: 0, Created: 0
   Session totals - Updated: 462, Created: 218

📊 Coverage: 8.3% (30,926/372,602 usable)
💤 Waiting 30s before next cycle...


🔄 CYCLE 523 STARTING...

📝 Updating 100 empty logs...
🔍 Checking 22 potential new logs...

────────────────────────────────────────
✅ Cycle 523 Complete:
   Updated: 0, Created: 0
   Session totals - Updated: 462, Created: 218

📊 Coverage: 7.8% (29,063/372,602 usable)
💤 Waiting 30s before next cycle...


🔄 CYCLE 524 STARTING...

📝 Updating 100 empty logs...
🔍 Checking 22 potential new logs...

────────────────────────────────────────
✅ Cycle 524 Complete:
   Updated: 0, Created: 0
   Session totals - Updated: 462, Created: 218

📊 Coverage: 7.3% (27,200/372,602 usable)
💤 Waiting 30s before next cycle...


🔄 CYCLE 525 STARTING...

📝 Updating 100 empty logs...
🔍 Checking 22 potential new logs...

────────────────────────────────────────
✅ Cycle 525 Complete:
   Updated: 0, Created: 0
   Session totals - Updated: 462, Created: 218

📊 Coverage: 8.7% (32,416/372,602 usable)
💤 Waiting 30s before next cycle...


🔄 CYCLE 526 STARTING...

📝 Updating 100 empty logs...
🔍 Checking 22 potential new logs...

────────────────────────────────────────
✅ Cycle 526 Complete:
   Updated: 0, Created: 0
   Session totals - Updated: 462, Created: 218

📊 Coverage: 9.6% (35,770/372,602 usable)
💤 Waiting 30s before next cycle...


🔄 CYCLE 527 STARTING...

📝 Updating 100 empty logs...
🔍 Checking 22 potential new logs...

────────────────────────────────────────
✅ Cycle 527 Complete:
   Updated: 0, Created: 0
   Session totals - Updated: 462, Created: 218

📊 Coverage: 9.8% (36,515/372,602 usable)
💤 Waiting 30s before next cycle...


🔄 CYCLE 528 STARTING...

📝 Updating 100 empty logs...
🔍 Checking 22 potential new logs...

────────────────────────────────────────
✅ Cycle 528 Complete:
   Updated: 0, Created: 0
   Session totals - Updated: 462, Created: 218

📊 Coverage: 10.2% (38,005/372,602 usable)
💤 Waiting 30s before next cycle...


🔄 CYCLE 529 STARTING...

📝 Updating 100 empty logs...
🔍 Checking 22 potential new logs...

────────────────────────────────────────
✅ Cycle 529 Complete:
   Updated: 0, Created: 0
   Session totals - Updated: 462, Created: 218

📊 Coverage: 11.8% (43,967/372,602 usable)
💤 Waiting 30s before next cycle...


🔄 CYCLE 530 STARTING...

📝 Updating 100 empty logs...
🔍 Checking 22 potential new logs...

────────────────────────────────────────
✅ Cycle 530 Complete:
   Updated: 0, Created: 0
   Session totals - Updated: 462, Created: 218

📊 Coverage: 12.1% (45,085/372,602 usable)
💤 Waiting 30s before next cycle...


🔄 CYCLE 531 STARTING...

📝 Updating 100 empty logs...
🔍 Checking 22 potential new logs...

────────────────────────────────────────
✅ Cycle 531 Complete:
   Updated: 0, Created: 0
   Session totals - Updated: 462, Created: 218

📊 Coverage: 11.2% (41,731/372,602 usable)
💤 Waiting 30s before next cycle...


🔄 CYCLE 532 STARTING...

📝 Updating 100 empty logs...
🔍 Checking 22 potential new logs...

────────────────────────────────────────
✅ Cycle 532 Complete:
   Updated: 0, Created: 0
   Session totals - Updated: 462, Created: 218

📊 Coverage: 12.4% (46,203/372,602 usable)
💤 Waiting 30s before next cycle...


🔄 CYCLE 533 STARTING...

📝 Updating 100 empty logs...
🔍 Checking 22 potential new logs...

────────────────────────────────────────
✅ Cycle 533 Complete:
   Updated: 0, Created: 0
   Session totals - Updated: 462, Created: 218

📊 Coverage: 12.1% (45,085/372,602 usable)
💤 Waiting 30s before next cycle...


🔄 CYCLE 534 STARTING...

📝 Updating 100 empty logs...
🔍 Checking 22 potential new logs...

────────────────────────────────────────
✅ Cycle 534 Complete:
   Updated: 0, Created: 0
   Session totals - Updated: 462, Created: 218

📊 Coverage: 12.1% (45,085/372,602 usable)
💤 Waiting 30s before next cycle...


🔄 CYCLE 535 STARTING...

📝 Updating 100 empty logs...
🔍 Checking 22 potential new logs...

────────────────────────────────────────
✅ Cycle 535 Complete:
   Updated: 0, Created: 0
   Session totals - Updated: 462, Created: 218

📊 Coverage: 11.5% (42,849/372,602 usable)
💤 Waiting 30s before next cycle...


🔄 CYCLE 536 STARTING...

📝 Updating 100 empty logs...
🔍 Checking 22 potential new logs...

────────────────────────────────────────
✅ Cycle 536 Complete:
   Updated: 0, Created: 0
   Session totals - Updated: 462, Created: 218

📊 Coverage: 12.4% (46,203/372,602 usable)
💤 Waiting 30s before next cycle...


🔄 CYCLE 537 STARTING...

📝 Updating 100 empty logs...
🔍 Checking 22 potential new logs...

────────────────────────────────────────
✅ Cycle 537 Complete:
   Updated: 0, Created: 0
   Session totals - Updated: 462, Created: 218

📊 Coverage: 36.6% (136,372/372,602 usable)
💤 Waiting 30s before next cycle...


🔄 CYCLE 538 STARTING...

📝 Updating 100 empty logs...
🔍 Checking 22 potential new logs...

────────────────────────────────────────
✅ Cycle 538 Complete:
   Updated: 0, Created: 0
   Session totals - Updated: 462, Created: 218

📊 Coverage: 88.7% (330,498/372,602 usable)
💤 Waiting 30s before next cycle...


🔄 CYCLE 539 STARTING...

📝 Updating 100 empty logs...
🔍 Checking 22 potential new logs...

────────────────────────────────────────
✅ Cycle 539 Complete:
   Updated: 0, Created: 0
   Session totals - Updated: 462, Created: 218

📊 Coverage: 75.8% (282,432/372,602 usable)
💤 Waiting 30s before next cycle...


🔄 CYCLE 540 STARTING...

📝 Updating 100 empty logs...
🔍 Checking 22 potential new logs...

────────────────────────────────────────
✅ Cycle 540 Complete:
   Updated: 0, Created: 0
   Session totals - Updated: 462, Created: 218

📊 Coverage: 21.8% (81,227/372,602 usable)
💤 Waiting 30s before next cycle...


🔄 CYCLE 541 STARTING...

📝 Updating 100 empty logs...
🔍 Checking 22 potential new logs...

────────────────────────────────────────
✅ Cycle 541 Complete:
   Updated: 0, Created: 0
   Session totals - Updated: 462, Created: 218

📊 Coverage: 26.5% (98,740/372,602 usable)
💤 Waiting 30s before next cycle...


🔄 CYCLE 542 STARTING...

📝 Updating 100 empty logs...
🔍 Checking 22 potential new logs...

────────────────────────────────────────
✅ Cycle 542 Complete:
   Updated: 0, Created: 0
   Session totals - Updated: 462, Created: 218

📊 Coverage: 39.0% (145,315/372,602 usable)
💤 Waiting 30s before next cycle...


🔄 CYCLE 543 STARTING...

📝 Updating 100 empty logs...
🔍 Checking 22 potential new logs...

────────────────────────────────────────
✅ Cycle 543 Complete:
   Updated: 0, Created: 0
   Session totals - Updated: 462, Created: 218

📊 Coverage: 82.4% (307,024/372,602 usable)
💤 Waiting 30s before next cycle...


🔄 CYCLE 544 STARTING...

📝 Updating 100 empty logs...
🔍 Checking 22 potential new logs...

────────────────────────────────────────
✅ Cycle 544 Complete:
   Updated: 0, Created: 0
   Session totals - Updated: 462, Created: 218

📊 Coverage: 71.2% (265,293/372,602 usable)
💤 Waiting 30s before next cycle...


🔄 CYCLE 545 STARTING...

📝 Updating 100 empty logs...
🔍 Checking 22 potential new logs...

────────────────────────────────────────
✅ Cycle 545 Complete:
   Updated: 0, Created: 0
   Session totals - Updated: 462, Created: 218

📊 Coverage: 39.6% (147,550/372,602 usable)
💤 Waiting 30s before next cycle...


🔄 CYCLE 546 STARTING...

📝 Updating 100 empty logs...
🔍 Checking 22 potential new logs...

────────────────────────────────────────
✅ Cycle 546 Complete:
   Updated: 0, Created: 0
   Session totals - Updated: 462, Created: 218

📊 Coverage: 55.5% (206,794/372,602 usable)
💤 Waiting 30s before next cycle...


🔄 CYCLE 547 STARTING...

📝 Updating 100 empty logs...
🔍 Checking 22 potential new logs...

────────────────────────────────────────
✅ Cycle 547 Complete:
   Updated: 0, Created: 0
   Session totals - Updated: 462, Created: 218

📊 Coverage: 59.3% (220,953/372,602 usable)
💤 Waiting 30s before next cycle...


🔄 CYCLE 548 STARTING...

📝 Updating 100 empty logs...
🔍 Checking 22 potential new logs...

────────────────────────────────────────
✅ Cycle 548 Complete:
   Updated: 0, Created: 0
   Session totals - Updated: 462, Created: 218

📊 Coverage: 59.2% (220,580/372,602 usable)
💤 Waiting 30s before next cycle...


🔄 CYCLE 549 STARTING...

📝 Updating 100 empty logs...
🔍 Checking 22 potential new logs...

────────────────────────────────────────
✅ Cycle 549 Complete:
   Updated: 0, Created: 0
   Session totals - Updated: 462, Created: 218

📊 Coverage: 49.2% (183,320/372,602 usable)
💤 Waiting 30s before next cycle...


🔄 CYCLE 550 STARTING...

📝 Updating 100 empty logs...
🔍 Checking 22 potential new logs...

────────────────────────────────────────
✅ Cycle 550 Complete:
   Updated: 0, Created: 0
   Session totals - Updated: 462, Created: 218

📊 Coverage: 46.1% (171,770/372,602 usable)
💤 Waiting 30s before next cycle...


🔄 CYCLE 551 STARTING...

📝 Updating 100 empty logs...
🔍 Checking 22 potential new logs...

────────────────────────────────────────
✅ Cycle 551 Complete:
   Updated: 0, Created: 0
   Session totals - Updated: 462, Created: 218

📊 Coverage: 35.6% (132,646/372,602 usable)
💤 Waiting 30s before next cycle...


🔄 CYCLE 552 STARTING...

📝 Updating 100 empty logs...
🔍 Checking 22 potential new logs...

────────────────────────────────────────
✅ Cycle 552 Complete:
   Updated: 0, Created: 0
   Session totals - Updated: 462, Created: 218

📊 Coverage: 73.5% (273,862/372,602 usable)
💤 Waiting 30s before next cycle...


🔄 CYCLE 553 STARTING...

📝 Updating 100 empty logs...
🔍 Checking 22 potential new logs...

────────────────────────────────────────
✅ Cycle 553 Complete:
   Updated: 0, Created: 0
   Session totals - Updated: 462, Created: 218

📊 Coverage: 87.6% (326,399/372,602 usable)
💤 Waiting 30s before next cycle...


🔄 CYCLE 554 STARTING...

📝 Updating 100 empty logs...
🔍 Checking 22 potential new logs...

────────────────────────────────────────
✅ Cycle 554 Complete:
   Updated: 0, Created: 0
   Session totals - Updated: 462, Created: 218

📊 Coverage: 8.3% (30,926/372,602 usable)
💤 Waiting 30s before next cycle...


🔄 CYCLE 555 STARTING...

📝 Updating 100 empty logs...
🔍 Checking 22 potential new logs...

────────────────────────────────────────
✅ Cycle 555 Complete:
   Updated: 0, Created: 0
   Session totals - Updated: 462, Created: 218

📊 Coverage: 7.8% (29,063/372,602 usable)
💤 Waiting 30s before next cycle...


🔄 CYCLE 556 STARTING...

📝 Updating 100 empty logs...
🔍 Checking 22 potential new logs...

────────────────────────────────────────
✅ Cycle 556 Complete:
   Updated: 0, Created: 0
   Session totals - Updated: 462, Created: 218

📊 Coverage: 7.3% (27,200/372,602 usable)
💤 Waiting 30s before next cycle...


🔄 CYCLE 557 STARTING...

📝 Updating 100 empty logs...
🔍 Checking 22 potential new logs...

────────────────────────────────────────
✅ Cycle 557 Complete:
   Updated: 0, Created: 0
   Session totals - Updated: 462, Created: 218

📊 Coverage: 8.7% (32,416/372,602 usable)
💤 Waiting 30s before next cycle...


🔄 CYCLE 558 STARTING...

📝 Updating 100 empty logs...
🔍 Checking 22 potential new logs...

────────────────────────────────────────
✅ Cycle 558 Complete:
   Updated: 0, Created: 0
   Session totals - Updated: 462, Created: 218

📊 Coverage: 9.6% (35,770/372,602 usable)
💤 Waiting 30s before next cycle...


🔄 CYCLE 559 STARTING...

📝 Updating 100 empty logs...
🔍 Checking 22 potential new logs...

────────────────────────────────────────
✅ Cycle 559 Complete:
   Updated: 0, Created: 0
   Session totals - Updated: 462, Created: 218

📊 Coverage: 9.8% (36,515/372,602 usable)
💤 Waiting 30s before next cycle...


🔄 CYCLE 560 STARTING...

📝 Updating 100 empty logs...
🔍 Checking 22 potential new logs...

────────────────────────────────────────
✅ Cycle 560 Complete:
   Updated: 0, Created: 0
   Session totals - Updated: 462, Created: 218

📊 Coverage: 10.2% (38,005/372,602 usable)
💤 Waiting 30s before next cycle...


🔄 CYCLE 561 STARTING...

📝 Updating 100 empty logs...
🔍 Checking 22 potential new logs...

────────────────────────────────────────
✅ Cycle 561 Complete:
   Updated: 0, Created: 0
   Session totals - Updated: 462, Created: 218

📊 Coverage: 11.8% (43,967/372,602 usable)
💤 Waiting 30s before next cycle...


🔄 CYCLE 562 STARTING...

📝 Updating 100 empty logs...
🔍 Checking 22 potential new logs...

────────────────────────────────────────
✅ Cycle 562 Complete:
   Updated: 0, Created: 0
   Session totals - Updated: 462, Created: 218

📊 Coverage: 12.1% (45,085/372,602 usable)
💤 Waiting 30s before next cycle...


🔄 CYCLE 563 STARTING...

📝 Updating 100 empty logs...
🔍 Checking 22 potential new logs...

────────────────────────────────────────
✅ Cycle 563 Complete:
   Updated: 0, Created: 0
   Session totals - Updated: 462, Created: 218

📊 Coverage: 11.2% (41,731/372,602 usable)
💤 Waiting 30s before next cycle...


🔄 CYCLE 564 STARTING...

📝 Updating 100 empty logs...
🔍 Checking 22 potential new logs...

────────────────────────────────────────
✅ Cycle 564 Complete:
   Updated: 0, Created: 0
   Session totals - Updated: 462, Created: 218

📊 Coverage: 12.4% (46,203/372,602 usable)
💤 Waiting 30s before next cycle...

