{
  "weights": [
    -0.0006368588931827479,
    -0.002784082624083457,
    0.0001557228945026348,
    -0.003213849556643891,
    -0.003289833639231246,
    0.004650870493823826,
    0.0021803455571577767,
    0.002071527195389009,
    -0.0008219451823307609,
    -0.0011904779148469214
  ],
  "bias": 0,
  "accuracy": 66.66666666666666,
  "version": 1,
  "learning_rate": 0.01,
  "momentum": 0.9,
  "experience": {
    "total_predictions": 12,
    "correct_predictions": 8,
    "wrong_predictions": 4,
    "learning_cycles": 0
  },
  "mistakes": []
}