{
  "weights": [
    0.5062157027600994,
    -0.5109960121645369,
    1.0143496886829617,
    0.20739011920716374,
    -0.00816798984400594,
    0.28747871836387034,
    -0.01731562282544238,
    -0.021829549571938178,
    -0.0786141120138821,
    0.0032434840239138627
  ],
  "bias": -0.031742599663444664,
  "accuracy": 100,
  "trainingData": {
    "games": 1000,
    "news": 1000,
    "features": 10
  },
  "timestamp": "2025-07-01T05:09:12.882Z"
}