{
  "weights": [
    0.2932212272300601,
    -0.29416098983070704,
    0.011188372105760751,
    -0.002404229725398546,
    0.009199759987776087,
    0,
    -0.003926515047944873
  ],
  "featureMeans": [
    99.439,
    99.472,
    3.071,
    5.541,
    12.813,
    1,
    198.911
  ],
  "featureStds": [
    11.590352841911242,
    11.781223026494311,
    1.9889592756011805,
    3.3776203161397547,
    9.518194734297044,
    0,
    17.073344107116245
  ],
  "accuracy": 0.643
}