{
  "weights": [
    0.5017814392462858,
    -0.5097780164005383,
    1.0181551625860241,
    0.20746380124544642,
    -0.006513760126047707,
    0.2849201128388596,
    -0.022024058104776964,
    -0.021756624801774056,
    -0.07888095055269363,
    0.0037719465104529967
  ],
  "bias": -0.03159793129131412,
  "accuracy": 100,
  "trainingData": {
    "games": 1000,
    "news": 1000,
    "features": 10
  },
  "timestamp": "2025-07-01T17:39:33.200Z"
}