{
  "patterns": [
    {
      "name": "Revenge Game",
      "homeWinRate": 0.26078028747433263,
      "confidence": 0.9999411194651585,
      "sampleSize": 487
    },
    {
      "name": "Prime Time",
      "homeWinRate": 0.5270758122743683,
      "confidence": 0.9960734731616944,
      "sampleSize": 277
    },
    {
      "name": "Division Rivalry",
      "homeWinRate": 0.5045454545454545,
      "confidence": 0.9877226600969315,
      "sampleSize": 220
    }
  ],
  "baseHomeRate": 0.517,
  "analysis": {
    "totalGames": 1000,
    "teamsAnalyzed": 34,
    "patternsFound": 3
  }
}