{
  "patterns": [
    {
      "name": "Revenge Game",
      "homeWinRate": 0.2716049382716049,
      "confidence": 0.9999399299994532,
      "sampleSize": 486
    },
    {
      "name": "Division Rivalry",
      "homeWinRate": 0.4857142857142857,
      "confidence": 0.9925534169290756,
      "sampleSize": 245
    },
    {
      "name": "Prime Time",
      "homeWinRate": 0.5061224489795918,
      "confidence": 0.9925534169290756,
      "sampleSize": 245
    },
    {
      "name": "Momentum Differential",
      "homeWinRate": 0.5476190476190477,
      "confidence": 0.5682894765709203,
      "sampleSize": 42
    }
  ],
  "baseHomeRate": 0.508,
  "analysis": {
    "totalGames": 1000,
    "teamsAnalyzed": 92,
    "patternsFound": 4
  }
}